ApplicationNo,CustomerName,Gender,MaritalStatus,WidowFlag,NoOfWives,ChildrenCount,DaughtersCount,ApplicantAge,Region,Location,ProjectID,ProjectName,ProjectShortName,ProjectLocation,Disabled,ContractorID,Longitude,Latitude,AllocateRemarks,DesignRemarks,InitiativeRemarks,DecisionRemarks,HeadingRemarks,ProjectCost,CompletionDate,NoUnits,ServiceType,StatusBucket,ApplicationDate,DecisionDate,ApprovedFlag,RejectedFlag,DaysToDecision,AllowedLoanValue,NetIncome,ApprovalRateHint
1001,Amina Saeed,Female,Single,0,0,4,3,31,Dubai,Al Aweer,203,Khawaneej Family Homes,KFH,Al Aweer,0,517,55.5188,25.1712,Special widow case,Concept pending,Expansion initiative,Approved by board,Low-risk heading,202723731,2025-08-07,269,Grant,Approved,2024-03-02,2024-03-21,1,0,19,972614,23363,High
1002,Noora Ibrahim,Female,Single,0,0,0,0,38,Dubai,Nad Al Sheba,203,Khawaneej Family Homes,KFH,Nad Al Sheba,0,521,55.3102,25.1528,Social support allocation,Urban tower design,Social initiative,Approved with remarks,Escalated case,157071971,2026-04-15,258,Grant,Approved,2024-08-21,2024-09-09,1,0,19,1196552,29774,High
1003,Noora Ibrahim,Female,Single,0,0,2,2,57,Dubai,Al Aweer,201,Al Noor Housing Project,Noor,Al Aweer,0,522,55.5025,25.1505,Pending document allocation,Compact design,Social initiative,Approved by board,Reviewed by manager,89702167,2025-07-05,125,Grant,Approved,2024-07-20,2024-08-12,1,0,23,845146,13723,High
1004,Fatima Khalid,Female,Single,0,0,0,0,53,Dubai,Muhaisnah,204,Barsha Residences,BR,Muhaisnah,0,539,55.4429,25.2643,Pending document allocation,Concept pending,Phase 1 initiative,Rejected after review,Needs policy revision,166575233,2025-11-13,250,Grant,Rejected,2024-02-01,2024-02-28,0,1,27,925242,28598,Low
1005,Khaled Omar,Male,Married,0,0,4,2,39,Dubai,Jumeirah,206,Muhaisnah Housing,MH,Jumeirah,0,558,55.2422,25.1986,Large family allocation,Modern villa design,Women support initiative,Pending review,Family support case,91763779,2026-03-08,231,Loan,In Progress,2024-10-06,,0,0,,1186029,21200,Medium
1006,Maryam Hassan,Female,Married,0,0,1,0,39,Dubai,Mirdif,203,Khawaneej Family Homes,KFH,Mirdif,0,518,55.4414,25.2054,Regional demand case,Compact design,Community support initiative,Approved quickly,Priority heading,76245479,2026-07-25,320,Loan,Approved,2024-11-24,2024-12-06,1,0,12,572424,29257,High
1007,Abdulla Saeed,Male,Married,0,1,5,1,60,Dubai,Dubai South,204,Barsha Residences,BR,Dubai South,0,559,55.1675,24.8924,Pending document allocation,Revised design,Executive housing initiative,Approved with remarks,Escalated case,202576187,2026-06-24,241,Grant,Approved,2024-05-16,2024-05-30,1,0,14,540785,22216,High
1008,Maryam Hassan,Female,Widow,1,0,2,0,36,Dubai,Al Warqa,205,Jumeirah Villas,JV,Al Warqa,0,533,55.4112,25.215,Social support allocation,Compact design,Phase 1 initiative,Rejected by policy rule,Priority heading,164021729,2025-07-04,142,Grant,Rejected,2024-11-15,2024-12-09,0,1,24,675763,16243,Low
1009,Hamad Ali,Male,Married,0,1,4,1,41,Dubai,Nad Al Sheba,207,Mizhar Community Homes,MCH,Nad Al Sheba,0,538,55.307,25.1785,Special widow case,Urban tower design,Phase 1 initiative,Approved by board,Reviewed by housing head,108024015,2025-06-29,137,Loan,Approved,2024-07-04,2024-07-18,1,0,14,543978,19747,High
1010,Khaled Omar,Male,Married,0,0,6,1,47,Dubai,Al Mizhar,203,Khawaneej Family Homes,KFH,Al Mizhar,0,555,55.46,25.2683,Special widow case,Modern villa design,Phase 1 initiative,On hold pending documents,Open heading case,176333610,2025-09-12,316,Grant,On Hold,2024-11-13,,0,0,,497031,13517,Medium
1011,Majid Hassan,Male,Divorced,0,0,3,0,38,Dubai,Al Khawaneej,202,Al Rawda Villas,Rawda,Al Khawaneej,0,525,55.4429,25.3052,Social support allocation,Compact design,Affordable housing initiative,Rejected after review,Open heading case,188074020,2025-06-17,192,Loan,Rejected,2024-08-27,2024-09-21,0,1,25,700165,25462,Low
1012,Salem Rashid,Male,Married,0,1,2,1,27,Dubai,Al Barsha,209,Nad Al Sheba Homes,NSH,Al Barsha,0,552,55.1849,25.1003,Fast-track request,Concept pending,Affordable housing initiative,Pending manager review,Priority heading,103152789,2025-06-19,179,Grant,In Progress,2024-04-08,,0,0,,597864,24821,Medium
1013,Khaled Omar,Male,Single,0,0,5,3,37,Dubai,Dubai South,207,Mizhar Community Homes,MCH,Dubai South,0,534,55.1463,24.8906,Social support allocation,Compact design,Executive housing initiative,Awaiting next review,Priority heading,75287864,2026-06-02,308,Loan,On Hold,2024-01-16,,0,0,,550319,20180,Medium
1014,Omar Khalid,Male,Married,0,1,2,0,32,Dubai,Nad Al Sheba,202,Al Rawda Villas,Rawda,Nad Al Sheba,0,510,55.3049,25.1538,Social support allocation,Standard design,Expansion initiative,Approved quickly,Open heading case,182508070,2025-11-23,252,Loan,Approved,2024-04-14,2024-04-25,1,0,11,873815,27449,High
1015,Salem Rashid,Male,Single,0,0,5,1,27,Dubai,Al Warqa,210,Al Aweer Villas,AAV,Al Warqa,0,525,55.4313,25.189,Single parent support,Efficient layout,Expansion initiative,Rejected due to eligibility,Low-risk heading,103392745,2025-08-07,251,Grant,Rejected,2024-08-26,2024-09-20,0,1,25,1005360,18774,Low
1016,Fatima Khalid,Female,Divorced,0,0,2,1,42,Dubai,Jumeirah,210,Al Aweer Villas,AAV,Jumeirah,0,520,55.2318,25.1853,Standard allocation,Concept pending,Women support initiative,Approved quickly,Open heading case,89958517,2025-09-17,166,Loan,Approved,2024-02-21,2024-03-03,1,0,11,672548,17611,High
1017,Amina Saeed,Female,Married,0,0,2,0,50,Dubai,Al Barsha,207,Mizhar Community Homes,MCH,Al Barsha,0,518,55.1878,25.1293,Pending document allocation,Modern villa design,Expansion initiative,Approved in committee,Low-risk heading,77506067,2025-12-30,304,Grant,Approved,2024-01-09,2024-01-26,1,0,17,964745,31598,High
1018,Maryam Hassan,Female,Married,0,0,3,1,27,Dubai,Muhaisnah,204,Barsha Residences,BR,Muhaisnah,0,557,55.4645,25.2591,Special widow case,Revised design,Expansion initiative,Approved in committee,Priority heading,115248262,2025-09-07,142,Loan,Approved,2024-07-14,2024-08-01,1,0,18,807930,20939,High
1019,Omar Khalid,Male,Married,0,1,2,1,57,Dubai,Muhaisnah,201,Al Noor Housing Project,Noor,Muhaisnah,0,521,55.4625,25.2751,Social support allocation,Compact design,Women support initiative,Rejected by policy rule,Reviewed in heading notes,186640853,2026-05-22,259,Grant,Rejected,2024-10-05,2024-11-02,0,1,28,1155157,28285,Low
1020,Ahmed Ali,Male,Divorced,0,0,1,0,29,Dubai,Jumeirah,206,Muhaisnah Housing,MH,Jumeirah,0,511,55.2369,25.2063,Large family allocation,Luxury family layout,Affordable housing initiative,Rejected after review,Family support case,143423877,2025-06-22,205,Loan,Rejected,2024-05-29,2024-06-18,0,1,20,1187089,31313,Low
1021,Ahmed Ali,Male,Married,0,1,1,0,48,Dubai,Jumeirah,205,Jumeirah Villas,JV,Jumeirah,0,518,55.243,25.2195,Pending document allocation,Compact design,Affordable housing initiative,Approved by board,Escalated case,105377230,2025-10-08,209,Grant,Approved,2024-06-19,2024-07-05,1,0,16,1065317,31361,High
1022,Sara Ahmed,Female,Widow,1,0,2,0,48,Dubai,Al Warqa,203,Khawaneej Family Homes,KFH,Al Warqa,0,524,55.4275,25.2081,Pending document allocation,Standard design,Women support initiative,Pending review,Needs policy revision,122685110,2025-11-17,207,Loan,In Progress,2024-06-25,,0,0,,789277,29021,Medium
1023,Yousef Nasser,Male,Married,0,0,2,1,55,Dubai,Al Mizhar,210,Al Aweer Villas,AAV,Al Mizhar,0,527,55.4373,25.2612,Large family allocation,Standard design,Expansion initiative,Pending review,Needs policy revision,98445130,2025-09-21,216,Grant,In Progress,2024-07-28,,0,0,,1118697,30545,Medium
1024,Maha Nasser,Female,Single,0,0,5,1,46,Dubai,Jumeirah,201,Al Noor Housing Project,Noor,Jumeirah,0,538,55.2421,25.2018,Pending document allocation,Urban tower design,Expansion initiative,Approved with remarks,Open heading case,212059872,2025-07-31,222,Grant,Approved,2024-02-23,2024-03-05,1,0,11,870897,15762,High
1025,Majid Hassan,Male,Married,0,1,1,0,32,Dubai,Al Khawaneej,207,Mizhar Community Homes,MCH,Al Khawaneej,0,546,55.4771,25.3069,Special widow case,Efficient layout,Phase 1 initiative,Approved by board,Open heading case,73262564,2026-06-06,233,Grant,Approved,2024-11-19,2024-12-01,1,0,12,1184654,20236,High
1026,Hamad Ali,Male,Divorced,0,0,5,1,53,Dubai,Dubai South,202,Al Rawda Villas,Rawda,Dubai South,0,517,55.1599,24.9114,Fast-track request,Efficient layout,Affordable housing initiative,Approved with remarks,Priority heading,158592241,2026-02-28,194,Loan,Approved,2024-01-13,2024-02-01,1,0,19,961203,13411,High
1027,Salem Rashid,Male,Divorced,0,0,0,0,62,Dubai,Al Barsha,210,Al Aweer Villas,AAV,Al Barsha,0,555,55.2192,25.0975,Special widow case,Urban tower design,Expansion initiative,Approved quickly,Reviewed by manager,71626949,2026-02-08,253,Loan,Approved,2024-07-31,2024-08-10,1,0,10,657863,13089,High
1028,Maryam Hassan,Female,Divorced,0,0,0,0,31,Dubai,Muhaisnah,208,Dubai South Residences,DSR,Muhaisnah,0,556,55.4575,25.2855,Standard allocation,Modern villa design,Expansion initiative,Rejected after review,Reviewed in heading notes,215392714,2025-06-10,152,Grant,Rejected,2024-09-29,2024-10-28,0,1,29,736285,25726,Low
1029,Latifa Omar,Female,Widow,1,0,4,0,43,Dubai,Jumeirah,208,Dubai South Residences,DSR,Jumeirah,0,516,55.2439,25.1842,Large family allocation,Concept pending,Women support initiative,Approved by board,Low-risk heading,163214226,2026-05-25,139,Grant,Approved,2024-06-29,2024-07-21,1,0,22,807010,20206,High
1030,Sara Ahmed,Female,Single,0,0,0,0,39,Dubai,Nad Al Sheba,205,Jumeirah Villas,JV,Nad Al Sheba,0,533,55.34,25.1843,Priority family housing,Concept pending,Women support initiative,Approved by board,Family support case,155235107,2026-06-06,262,Grant,Approved,2024-04-15,2024-05-03,1,0,18,762164,27255,High
1031,Huda Rashid,Female,Divorced,0,0,1,1,25,Dubai,Muhaisnah,205,Jumeirah Villas,JV,Muhaisnah,0,524,55.4522,25.268,Fast-track request,Concept pending,Social initiative,Pending review,Priority heading,173660654,2026-03-01,131,Loan,In Progress,2024-11-06,,0,0,,1150708,30409,Medium
1032,Maryam Hassan,Female,Married,0,0,1,1,57,Dubai,Al Mizhar,208,Dubai South Residences,DSR,Al Mizhar,0,539,55.4588,25.25,Pending document allocation,Standard design,Executive housing initiative,Approved with remarks,Priority heading,135506420,2026-02-09,218,Loan,Approved,2024-10-23,2024-11-09,1,0,17,621098,16325,High
1033,Maha Nasser,Female,Single,0,0,2,2,46,Dubai,Al Khawaneej,206,Muhaisnah Housing,MH,Al Khawaneej,0,535,55.4558,25.3024,Priority family housing,Urban tower design,Phase 1 initiative,Approved quickly,Escalated case,111912028,2026-07-14,268,Grant,Approved,2024-11-15,2024-12-04,1,0,19,855572,26382,High
1034,Khaled Omar,Male,Married,0,0,3,2,40,Dubai,Nad Al Sheba,208,Dubai South Residences,DSR,Nad Al Sheba,0,514,55.332,25.1746,Single parent support,Revised design,Social initiative,Approved in committee,Reviewed by manager,72093014,2026-02-16,143,Loan,Approved,2024-11-18,2024-12-09,1,0,21,1091586,24651,High
1035,Maryam Hassan,Female,Single,0,0,4,3,24,Dubai,Mirdif,201,Al Noor Housing Project,Noor,Mirdif,0,545,55.4237,25.2286,Social support allocation,Compact design,Community support initiative,Pending review,Priority heading,166463344,2025-07-24,249,Grant,In Progress,2024-08-04,,0,0,,738195,29239,Medium
1036,Latifa Omar,Female,Single,0,0,5,1,59,Dubai,Muhaisnah,207,Mizhar Community Homes,MCH,Muhaisnah,0,540,55.477,25.2867,Fast-track request,Efficient layout,Phase 1 initiative,Approved by board,Reviewed by manager,196360669,2025-11-11,251,Loan,Approved,2024-02-06,2024-02-21,1,0,15,576002,22454,High
1037,Sara Ahmed,Female,Married,0,0,1,1,39,Dubai,Al Aweer,203,Khawaneej Family Homes,KFH,Al Aweer,0,502,55.4997,25.1446,Social support allocation,Compact design,Affordable housing initiative,Approved by board,Low-risk heading,137819279,2026-03-10,205,Grant,Approved,2024-05-28,2024-06-10,1,0,13,1037686,17393,High
1038,Amina Saeed,Female,Widow,1,0,2,2,54,Dubai,Al Khawaneej,201,Al Noor Housing Project,Noor,Al Khawaneej,1,502,55.4724,25.3,Standard allocation,Concept pending,Women support initiative,Approved with remarks,Family support case,123391045,2026-05-29,242,Loan,Approved,2024-07-16,2024-08-08,1,0,23,654594,24843,High
1039,Khaled Omar,Male,Married,0,1,2,0,61,Dubai,Nad Al Sheba,207,Mizhar Community Homes,MCH,Nad Al Sheba,0,507,55.3082,25.1823,Social support allocation,Urban tower design,Women support initiative,Rejected after review,Low-risk heading,215608248,2025-09-10,279,Grant,Rejected,2024-07-18,2024-08-16,0,1,29,1090671,19358,Low
1040,Maha Nasser,Female,Married,0,0,3,1,53,Dubai,Jumeirah,206,Muhaisnah Housing,MH,Jumeirah,0,529,55.251,25.1885,Standard allocation,Compact design,Social initiative,Approved quickly,Reviewed by housing head,132375945,2025-09-19,216,Grant,Approved,2024-07-16,2024-07-31,1,0,15,748044,13129,High
1041,Huda Rashid,Female,Married,0,0,1,0,46,Dubai,Dubai South,202,Al Rawda Villas,Rawda,Dubai South,0,551,55.1669,24.9121,Special widow case,Compact design,Community support initiative,Approved in committee,Open heading case,134216309,2025-10-06,127,Grant,Approved,2024-09-26,2024-10-06,1,0,10,977419,19699,High
1042,Salem Rashid,Male,Single,0,0,2,1,34,Dubai,Dubai South,203,Khawaneej Family Homes,KFH,Dubai South,0,502,55.1683,24.8899,Regional demand case,Efficient layout,Phase 1 initiative,Approved by board,Reviewed by housing head,130797330,2025-06-11,170,Loan,Approved,2024-03-07,2024-03-22,1,0,15,1028463,28470,High
1043,Omar Khalid,Male,Single,0,0,3,0,34,Dubai,Mirdif,203,Khawaneej Family Homes,KFH,Mirdif,0,553,55.4289,25.239,Social support allocation,Standard design,Executive housing initiative,Approved with remarks,Reviewed by housing head,126466457,2026-01-27,189,Grant,Approved,2024-05-24,2024-06-14,1,0,21,867097,18132,High
1044,Salem Rashid,Male,Divorced,0,0,2,1,41,Dubai,Mirdif,202,Al Rawda Villas,Rawda,Mirdif,0,523,55.4259,25.2307,Fast-track request,Efficient layout,Executive housing initiative,Rejected by policy rule,Low-risk heading,164006207,2026-06-15,292,Grant,Rejected,2024-02-18,2024-03-07,0,1,18,758748,25992,Low
1045,Salem Rashid,Male,Single,0,0,5,1,53,Dubai,Nad Al Sheba,201,Al Noor Housing Project,Noor,Nad Al Sheba,0,556,55.3359,25.1562,Fast-track request,Urban tower design,Affordable housing initiative,Approved quickly,Open heading case,111662965,2025-11-10,120,Loan,Approved,2024-06-26,2024-07-07,1,0,11,1148800,12117,High
1046,Noora Ibrahim,Female,Married,0,0,5,3,59,Dubai,Jumeirah,201,Al Noor Housing Project,Noor,Jumeirah,1,511,55.2248,25.2186,Social support allocation,Standard design,Phase 1 initiative,Approved with remarks,Open heading case,144681332,2026-06-13,251,Loan,Approved,2024-05-24,2024-06-16,1,0,23,946707,19162,High
1047,Sara Ahmed,Female,Married,0,0,4,4,48,Dubai,Nad Al Sheba,206,Muhaisnah Housing,MH,Nad Al Sheba,0,539,55.3265,25.1814,Single parent support,Compact design,Expansion initiative,Awaiting next committee,Escalated case,68365047,2025-10-28,201,Grant,In Progress,2024-05-04,,0,0,,530699,15852,Medium
1048,Maryam Hassan,Female,Divorced,0,0,3,0,42,Dubai,Al Barsha,208,Dubai South Residences,DSR,Al Barsha,0,545,55.1874,25.1099,Pending document allocation,Revised design,Community support initiative,Rejected due to eligibility,Priority heading,105851340,2025-11-24,202,Loan,Rejected,2024-01-24,2024-02-12,0,1,19,597111,12566,Low
1049,Majid Hassan,Male,Single,0,0,0,0,43,Dubai,Jumeirah,203,Khawaneej Family Homes,KFH,Jumeirah,0,556,55.2326,25.1965,Large family allocation,Luxury family layout,Executive housing initiative,Pending review,Open heading case,111508509,2025-10-30,121,Grant,In Progress,2024-05-23,,0,0,,860613,28798,Medium
1050,Maryam Hassan,Female,Married,0,0,4,3,51,Dubai,Al Aweer,204,Barsha Residences,BR,Al Aweer,0,533,55.4981,25.1635,Special widow case,Compact design,Executive housing initiative,Rejected due to eligibility,Low-risk heading,204276244,2025-10-25,290,Grant,Rejected,2024-11-14,2024-11-28,0,1,14,1048479,23977,Low
1051,Fatima Khalid,Female,Married,0,0,4,1,31,Dubai,Nad Al Sheba,201,Al Noor Housing Project,Noor,Nad Al Sheba,0,521,55.3311,25.1638,Regional demand case,Efficient layout,Expansion initiative,Pending manager review,Priority heading,74917100,2025-12-19,303,Loan,In Progress,2024-06-28,,0,0,,735782,23380,Medium
1052,Maha Nasser,Female,Married,0,0,1,1,32,Dubai,Al Mizhar,203,Khawaneej Family Homes,KFH,Al Mizhar,0,522,55.4596,25.2498,Special widow case,Efficient layout,Executive housing initiative,Rejected by policy rule,Open heading case,119287021,2025-10-09,188,Grant,Rejected,2024-10-09,2024-10-31,0,1,22,683619,13021,Low
1053,Omar Khalid,Male,Single,0,0,6,4,59,Dubai,Nad Al Sheba,204,Barsha Residences,BR,Nad Al Sheba,0,554,55.3127,25.1592,Priority family housing,Concept pending,Women support initiative,Approved by board,Reviewed by manager,163467124,2025-10-12,287,Loan,Approved,2024-11-22,2024-12-04,1,0,12,824791,28248,High
1054,Salem Rashid,Male,Single,0,0,3,0,28,Dubai,Al Khawaneej,203,Khawaneej Family Homes,KFH,Al Khawaneej,0,558,55.4566,25.2933,Special widow case,Luxury family layout,Social initiative,Approved with remarks,Needs policy revision,93062036,2025-07-12,225,Grant,Approved,2024-03-30,2024-04-15,1,0,16,648457,18498,High
1055,Majid Hassan,Male,Married,0,1,3,2,41,Dubai,Al Barsha,202,Al Rawda Villas,Rawda,Al Barsha,0,542,55.2106,25.1029,Standard allocation,Compact design,Phase 1 initiative,Approved quickly,Escalated case,134683603,2025-10-12,235,Grant,Approved,2024-05-01,2024-05-14,1,0,13,652061,30232,High
1056,Amina Saeed,Female,Widow,1,0,5,2,33,Dubai,Al Warqa,203,Khawaneej Family Homes,KFH,Al Warqa,0,530,55.4228,25.1928,Fast-track request,Luxury family layout,Phase 1 initiative,Approved quickly,Reviewed by housing head,184276581,2025-08-17,211,Grant,Approved,2024-11-17,2024-12-11,1,0,24,590914,21720,High
1057,Hamad Ali,Male,Married,0,1,5,5,28,Dubai,Al Mizhar,209,Nad Al Sheba Homes,NSH,Al Mizhar,0,505,55.4431,25.2473,Single parent support,Urban tower design,Women support initiative,Pending review,Priority heading,74799944,2025-11-11,220,Loan,In Progress,2024-05-24,,0,0,,1166955,26634,Medium
1058,Ahmed Ali,Male,Married,0,0,1,1,49,Dubai,Muhaisnah,206,Muhaisnah Housing,MH,Muhaisnah,0,536,55.4624,25.2656,Single parent support,Concept pending,Social initiative,On hold pending documents,Low-risk heading,78385407,2026-07-11,228,Loan,On Hold,2024-09-09,,0,0,,1046646,12140,Medium
1059,Noora Ibrahim,Female,Widow,1,0,1,0,44,Dubai,Al Warqa,209,Nad Al Sheba Homes,NSH,Al Warqa,0,509,55.4073,25.1874,Pending document allocation,Standard design,Women support initiative,Pending manager review,Reviewed by housing head,140885147,2026-03-19,135,Grant,In Progress,2024-11-04,,0,0,,864298,21342,Medium
1060,Sara Ahmed,Female,Widow,1,0,3,2,59,Dubai,Dubai South,210,Al Aweer Villas,AAV,Dubai South,0,510,55.1571,24.8899,Priority family housing,Revised design,Social initiative,Rejected by policy rule,Escalated case,138468821,2025-07-11,203,Loan,Rejected,2024-09-09,2024-10-09,0,1,30,722022,26354,Low
1061,Latifa Omar,Female,Married,0,0,0,0,59,Dubai,Muhaisnah,205,Jumeirah Villas,JV,Muhaisnah,0,544,55.4674,25.2799,Standard allocation,Concept pending,Executive housing initiative,Rejected after review,Open heading case,168839703,2025-06-25,207,Grant,Rejected,2024-10-23,2024-11-11,0,1,19,1186067,30310,Low
1062,Omar Khalid,Male,Married,0,0,4,3,57,Dubai,Al Khawaneej,208,Dubai South Residences,DSR,Al Khawaneej,0,544,55.4504,25.3284,Large family allocation,Compact design,Expansion initiative,Approved in committee,Low-risk heading,166963364,2026-02-05,278,Grant,Approved,2024-02-17,2024-03-05,1,0,17,774018,25437,High
1063,Majid Hassan,Male,Married,0,1,3,0,61,Dubai,Jumeirah,205,Jumeirah Villas,JV,Jumeirah,0,509,55.2484,25.2026,Large family allocation,Modern villa design,Women support initiative,Approved quickly,Reviewed in heading notes,140578094,2025-06-12,247,Grant,Approved,2024-08-07,2024-08-23,1,0,16,1130850,22339,High
1064,Sara Ahmed,Female,Single,0,0,3,0,27,Dubai,Jumeirah,210,Al Aweer Villas,AAV,Jumeirah,0,544,55.2448,25.2149,Fast-track request,Concept pending,Women support initiative,Approved by board,Open heading case,182982178,2026-03-01,140,Grant,Approved,2024-04-02,2024-04-12,1,0,10,1051786,29984,High
1065,Abdulla Saeed,Male,Divorced,0,0,6,5,58,Dubai,Al Barsha,204,Barsha Residences,BR,Al Barsha,1,541,55.2136,25.115,Fast-track request,Compact design,Phase 1 initiative,Approved in committee,Reviewed by manager,65075996,2026-04-19,169,Loan,Approved,2024-02-10,2024-02-29,1,0,19,1076299,18841,High
1066,Ahmed Ali,Male,Single,0,0,0,0,60,Dubai,Al Mizhar,205,Jumeirah Villas,JV,Al Mizhar,1,532,55.442,25.2564,Large family allocation,Luxury family layout,Expansion initiative,Approved by board,Low-risk heading,123869868,2025-08-26,157,Loan,Approved,2024-10-12,2024-10-27,1,0,15,476877,20235,High
1067,Maha Nasser,Female,Widow,1,0,1,1,55,Dubai,Al Warqa,206,Muhaisnah Housing,MH,Al Warqa,0,513,55.4036,25.2159,Social support allocation,Standard design,Affordable housing initiative,Approved quickly,Priority heading,66216536,2026-07-18,240,Grant,Approved,2024-06-30,2024-07-21,1,0,21,753906,13653,High
1068,Salem Rashid,Male,Married,0,0,5,5,27,Dubai,Dubai South,207,Mizhar Community Homes,MCH,Dubai South,0,509,55.1472,24.912,Single parent support,Modern villa design,Phase 1 initiative,Approved in committee,Needs policy revision,143213468,2026-03-26,243,Grant,Approved,2024-01-31,2024-02-14,1,0,14,774462,13845,High
1069,Maryam Hassan,Female,Single,0,0,3,1,31,Dubai,Mirdif,205,Jumeirah Villas,JV,Mirdif,0,542,55.4226,25.2392,Single parent support,Urban tower design,Community support initiative,Awaiting next review,Family support case,210494305,2026-04-23,127,Grant,On Hold,2024-06-19,,0,0,,551774,15569,Medium
1070,Noora Ibrahim,Female,Single,0,0,1,0,47,Dubai,Al Warqa,201,Al Noor Housing Project,Noor,Al Warqa,0,539,55.4154,25.2082,Special widow case,Efficient layout,Social initiative,Approved quickly,Escalated case,157586120,2025-12-25,293,Grant,Approved,2024-07-08,2024-08-01,1,0,24,702109,17421,High
1071,Maryam Hassan,Female,Married,0,0,6,0,58,Dubai,Al Khawaneej,207,Mizhar Community Homes,MCH,Al Khawaneej,0,526,55.4564,25.3195,Fast-track request,Revised design,Phase 1 initiative,Approved with remarks,Open heading case,209347136,2025-07-15,158,Grant,Approved,2024-04-25,2024-05-14,1,0,19,963586,29229,High
1072,Sara Ahmed,Female,Widow,1,0,5,1,34,Dubai,Dubai South,207,Mizhar Community Homes,MCH,Dubai South,0,533,55.17,24.9089,Single parent support,Modern villa design,Affordable housing initiative,Approved quickly,Low-risk heading,135740437,2026-05-18,209,Loan,Approved,2024-09-04,2024-09-16,1,0,12,918938,15297,High
1073,Latifa Omar,Female,Married,0,0,1,0,53,Dubai,Al Barsha,204,Barsha Residences,BR,Al Barsha,0,516,55.1816,25.1154,Large family allocation,Modern villa design,Affordable housing initiative,Approved in committee,Escalated case,112138186,2026-05-03,132,Loan,Approved,2024-09-07,2024-09-28,1,0,21,975180,29235,High
1074,Amina Saeed,Female,Married,0,0,4,3,46,Dubai,Al Khawaneej,201,Al Noor Housing Project,Noor,Al Khawaneej,0,513,55.4421,25.3118,Special widow case,Concept pending,Expansion initiative,Approved quickly,Escalated case,160598363,2026-05-26,260,Grant,Approved,2024-04-14,2024-05-03,1,0,19,1089234,22606,High
1075,Khaled Omar,Male,Married,0,1,3,0,35,Dubai,Dubai South,205,Jumeirah Villas,JV,Dubai South,0,512,55.1462,24.8947,Regional demand case,Concept pending,Community support initiative,Approved by board,Escalated case,196208041,2025-09-15,134,Loan,Approved,2024-04-10,2024-04-21,1,0,11,641652,27177,High
1076,Fatima Khalid,Female,Widow,1,0,0,0,29,Dubai,Dubai South,203,Khawaneej Family Homes,KFH,Dubai South,0,547,55.17,24.9133,Priority family housing,Concept pending,Community support initiative,Approved quickly,Needs policy revision,196821464,2025-09-28,159,Loan,Approved,2024-05-09,2024-06-02,1,0,24,1008497,30062,High
1077,Latifa Omar,Female,Married,0,0,0,0,27,Dubai,Jumeirah,209,Nad Al Sheba Homes,NSH,Jumeirah,0,534,55.2154,25.2107,Single parent support,Modern villa design,Affordable housing initiative,Rejected by policy rule,Escalated case,87172264,2025-12-07,277,Grant,Rejected,2024-06-13,2024-07-13,0,1,30,686654,31234,Low
1078,Omar Khalid,Male,Single,0,0,0,0,33,Dubai,Mirdif,203,Khawaneej Family Homes,KFH,Mirdif,0,503,55.422,25.2213,Standard allocation,Modern villa design,Community support initiative,Approved quickly,Reviewed in heading notes,211895419,2025-07-10,121,Loan,Approved,2024-04-18,2024-04-28,1,0,10,486365,14707,High
1079,Latifa Omar,Female,Married,0,0,2,0,57,Dubai,Dubai South,201,Al Noor Housing Project,Noor,Dubai South,0,513,55.1435,24.8901,Special widow case,Urban tower design,Phase 1 initiative,Approved quickly,Reviewed in heading notes,214485916,2025-08-13,186,Loan,Approved,2024-05-01,2024-05-16,1,0,15,835192,12068,High
1080,Noora Ibrahim,Female,Divorced,0,0,0,0,32,Dubai,Jumeirah,207,Mizhar Community Homes,MCH,Jumeirah,0,521,55.2217,25.1908,Pending document allocation,Efficient layout,Women support initiative,Approved by board,Reviewed by manager,195618913,2026-06-09,244,Grant,Approved,2024-01-31,2024-02-12,1,0,12,480367,24983,High
1081,Maryam Hassan,Female,Married,0,0,6,2,45,Dubai,Nad Al Sheba,208,Dubai South Residences,DSR,Nad Al Sheba,0,514,55.3278,25.1573,Priority family housing,Efficient layout,Executive housing initiative,Pending review,Family support case,77498644,2026-05-20,154,Loan,In Progress,2024-10-23,,0,0,,642934,23362,Medium
1082,Omar Khalid,Male,Single,0,0,6,2,36,Dubai,Mirdif,208,Dubai South Residences,DSR,Mirdif,0,549,55.4509,25.2212,Fast-track request,Revised design,Social initiative,Approved in committee,Low-risk heading,151558088,2026-02-10,266,Grant,Approved,2024-01-02,2024-01-17,1,0,15,739992,26001,High
1083,Maha Nasser,Female,Widow,1,0,1,0,55,Dubai,Al Warqa,210,Al Aweer Villas,AAV,Al Warqa,0,544,55.4138,25.195,Single parent support,Efficient layout,Affordable housing initiative,Pending manager review,Reviewed by housing head,138579941,2026-01-20,208,Loan,In Progress,2024-11-25,,0,0,,954134,30063,Medium
1084,Maha Nasser,Female,Widow,1,0,0,0,58,Dubai,Jumeirah,202,Al Rawda Villas,Rawda,Jumeirah,0,518,55.2426,25.2221,Social support allocation,Efficient layout,Affordable housing initiative,Approved by board,Open heading case,129106740,2026-03-02,225,Grant,Approved,2024-05-21,2024-06-13,1,0,23,508671,13510,High
1085,Latifa Omar,Female,Married,0,0,8,1,53,Dubai,Al Aweer,205,Jumeirah Villas,JV,Al Aweer,0,551,55.4845,25.1447,Regional demand case,Revised design,Community support initiative,Approved with remarks,Open heading case,180158041,2026-01-13,185,Grant,Approved,2024-07-16,2024-07-27,1,0,11,826407,16346,High
1086,Huda Rashid,Female,Widow,1,0,2,1,55,Dubai,Mirdif,203,Khawaneej Family Homes,KFH,Mirdif,0,548,55.441,25.2067,Regional demand case,Concept pending,Executive housing initiative,Rejected by policy rule,Reviewed by housing head,77124688,2026-05-10,210,Loan,Rejected,2024-01-23,2024-02-17,0,1,25,776203,24186,Low
1087,Latifa Omar,Female,Married,0,0,6,2,48,Dubai,Al Aweer,206,Muhaisnah Housing,MH,Al Aweer,0,519,55.485,25.1661,Fast-track request,Compact design,Expansion initiative,Deferred for clarification,Open heading case,105939695,2026-06-05,214,Loan,On Hold,2024-04-19,,0,0,,922122,13999,Medium
1088,Yousef Nasser,Male,Married,0,1,2,2,28,Dubai,Al Mizhar,210,Al Aweer Villas,AAV,Al Mizhar,0,538,55.4489,25.2495,Pending document allocation,Compact design,Community support initiative,Awaiting next committee,Escalated case,214891150,2026-02-03,256,Grant,In Progress,2024-01-06,,0,0,,777142,30173,Medium
1089,Amina Saeed,Female,Married,0,0,3,3,56,Dubai,Mirdif,210,Al Aweer Villas,AAV,Mirdif,0,550,55.4138,25.2293,Standard allocation,Concept pending,Community support initiative,Approved with remarks,Low-risk heading,126329833,2026-04-17,155,Grant,Approved,2024-04-22,2024-05-10,1,0,18,797441,26325,High
1090,Khaled Omar,Male,Married,0,1,4,3,62,Dubai,Al Mizhar,209,Nad Al Sheba Homes,NSH,Al Mizhar,0,535,55.4474,25.2674,Standard allocation,Efficient layout,Social initiative,Awaiting next review,Open heading case,178710507,2026-03-27,126,Grant,On Hold,2024-04-10,,0,0,,1195765,19338,Medium
1091,Maha Nasser,Female,Married,0,0,3,0,58,Dubai,Al Khawaneej,209,Nad Al Sheba Homes,NSH,Al Khawaneej,0,519,55.4702,25.3014,Fast-track request,Concept pending,Affordable housing initiative,Rejected after review,Open heading case,91733696,2026-05-19,245,Loan,Rejected,2024-11-23,2024-12-19,0,1,26,1116073,29941,Low
1092,Noora Ibrahim,Female,Widow,1,0,2,2,52,Dubai,Al Barsha,210,Al Aweer Villas,AAV,Al Barsha,0,512,55.1905,25.1056,Social support allocation,Modern villa design,Executive housing initiative,Rejected by policy rule,Escalated case,169512467,2025-08-01,180,Grant,Rejected,2024-08-07,2024-09-01,0,1,25,1030587,22656,Low
1093,Sara Ahmed,Female,Single,0,0,3,0,41,Dubai,Al Barsha,208,Dubai South Residences,DSR,Al Barsha,0,519,55.2025,25.1084,Priority family housing,Urban tower design,Community support initiative,Approved in committee,Priority heading,83508581,2026-04-19,276,Grant,Approved,2024-08-05,2024-08-28,1,0,23,1088623,24233,High
1094,Majid Hassan,Male,Single,0,0,2,2,30,Dubai,Al Aweer,201,Al Noor Housing Project,Noor,Al Aweer,0,553,55.5149,25.1644,Fast-track request,Compact design,Community support initiative,Approved with remarks,Reviewed by housing head,175640493,2025-11-02,316,Grant,Approved,2024-06-10,2024-06-23,1,0,13,977701,16105,High
1095,Maryam Hassan,Female,Divorced,0,0,0,0,38,Dubai,Al Warqa,207,Mizhar Community Homes,MCH,Al Warqa,0,522,55.4371,25.1931,Priority family housing,Standard design,Executive housing initiative,Rejected after review,Reviewed by manager,219844971,2026-03-02,186,Grant,Rejected,2024-03-11,2024-04-05,0,1,25,829489,22985,Low
1096,Salem Rashid,Male,Divorced,0,0,4,0,61,Dubai,Mirdif,206,Muhaisnah Housing,MH,Mirdif,0,513,55.4315,25.205,Priority family housing,Concept pending,Social initiative,Pending manager review,Escalated case,70917013,2025-11-04,231,Grant,In Progress,2024-08-06,,0,0,,795825,20871,Medium
1097,Maha Nasser,Female,Widow,1,0,0,0,35,Dubai,Al Barsha,204,Barsha Residences,BR,Al Barsha,0,524,55.2046,25.1147,Standard allocation,Compact design,Community support initiative,Approved in committee,Reviewed in heading notes,174255334,2025-06-06,237,Grant,Approved,2024-04-19,2024-05-04,1,0,15,601610,24016,High
1098,Abdulla Saeed,Male,Single,0,0,3,3,45,Dubai,Al Barsha,204,Barsha Residences,BR,Al Barsha,0,507,55.2083,25.0921,Single parent support,Efficient layout,Affordable housing initiative,Rejected due to eligibility,Reviewed by manager,138093927,2025-08-30,222,Grant,Rejected,2024-04-26,2024-05-12,0,1,16,895797,28709,Low
1099,Sara Ahmed,Female,Married,0,0,1,0,62,Dubai,Mirdif,206,Muhaisnah Housing,MH,Mirdif,0,529,55.4171,25.2187,Fast-track request,Luxury family layout,Affordable housing initiative,Pending review,Low-risk heading,123744531,2026-07-22,280,Grant,In Progress,2024-02-25,,0,0,,638046,19343,Medium
1100,Maryam Hassan,Female,Widow,1,0,0,0,45,Dubai,Dubai South,202,Al Rawda Villas,Rawda,Dubai South,0,512,55.1566,24.8815,Pending document allocation,Concept pending,Executive housing initiative,Approved with remarks,Needs policy revision,147152995,2026-02-07,249,Loan,Approved,2024-10-06,2024-10-28,1,0,22,490170,15701,High
1101,Yousef Nasser,Male,Single,0,0,6,0,44,Dubai,Al Warqa,201,Al Noor Housing Project,Noor,Al Warqa,0,549,55.4257,25.223,Single parent support,Compact design,Social initiative,Approved with remarks,Priority heading,219405356,2025-11-12,143,Loan,Approved,2024-03-15,2024-04-01,1,0,17,457315,26862,High
1102,Latifa Omar,Female,Widow,1,0,1,0,27,Dubai,Dubai South,208,Dubai South Residences,DSR,Dubai South,0,539,55.1544,24.8831,Fast-track request,Luxury family layout,Executive housing initiative,Pending manager review,Reviewed by manager,115612576,2026-02-19,145,Grant,In Progress,2024-10-21,,0,0,,743962,16122,Medium
1103,Abdulla Saeed,Male,Divorced,0,0,7,3,48,Dubai,Nad Al Sheba,210,Al Aweer Villas,AAV,Nad Al Sheba,0,554,55.3038,25.1653,Single parent support,Modern villa design,Social initiative,Rejected after review,Priority heading,141327937,2025-11-04,121,Loan,Rejected,2024-10-09,2024-11-06,0,1,28,1160662,13124,Low
1104,Amina Saeed,Female,Married,0,0,3,2,47,Dubai,Mirdif,209,Nad Al Sheba Homes,NSH,Mirdif,0,520,55.4415,25.2309,Pending document allocation,Modern villa design,Phase 1 initiative,Approved in committee,Low-risk heading,203148481,2026-02-09,289,Loan,Approved,2024-04-26,2024-05-17,1,0,21,715114,12212,High
1105,Hamad Ali,Male,Single,0,0,3,3,43,Dubai,Muhaisnah,203,Khawaneej Family Homes,KFH,Muhaisnah,0,556,55.4386,25.287,Standard allocation,Standard design,Social initiative,On hold pending documents,Reviewed by housing head,152231099,2026-06-17,268,Grant,On Hold,2024-03-05,,0,0,,601521,21822,Medium
1106,Abdulla Saeed,Male,Married,0,1,2,0,53,Dubai,Mirdif,208,Dubai South Residences,DSR,Mirdif,0,551,55.422,25.2387,Social support allocation,Modern villa design,Affordable housing initiative,Approved quickly,Open heading case,187609564,2025-12-24,223,Grant,Approved,2024-06-12,2024-06-23,1,0,11,891781,12176,High
1107,Maryam Hassan,Female,Single,0,0,7,2,43,Dubai,Muhaisnah,204,Barsha Residences,BR,Muhaisnah,0,507,55.4765,25.261,Fast-track request,Efficient layout,Women support initiative,Awaiting next committee,Needs policy revision,201771048,2026-06-15,234,Loan,In Progress,2024-11-10,,0,0,,1184670,15301,Medium
1108,Maryam Hassan,Female,Married,0,0,3,0,57,Dubai,Dubai South,206,Muhaisnah Housing,MH,Dubai South,0,529,55.1575,24.9157,Standard allocation,Revised design,Social initiative,Approved by board,Reviewed by housing head,182661077,2025-07-16,183,Grant,Approved,2024-11-22,2024-12-05,1,0,13,1093481,23233,High
1109,Maha Nasser,Female,Married,0,0,3,0,53,Dubai,Al Warqa,203,Khawaneej Family Homes,KFH,Al Warqa,0,515,55.4234,25.1947,Social support allocation,Concept pending,Affordable housing initiative,Pending manager review,Reviewed in heading notes,202280114,2025-09-03,271,Grant,In Progress,2024-10-18,,0,0,,1190283,19106,Medium
1110,Latifa Omar,Female,Married,0,0,0,0,32,Dubai,Al Aweer,201,Al Noor Housing Project,Noor,Al Aweer,0,531,55.4923,25.1419,Regional demand case,Revised design,Executive housing initiative,Awaiting next review,Needs policy revision,92832134,2026-02-14,260,Grant,On Hold,2024-11-13,,0,0,,1050886,22236,Medium
1111,Abdulla Saeed,Male,Single,0,0,3,1,47,Dubai,Al Warqa,210,Al Aweer Villas,AAV,Al Warqa,0,509,55.4101,25.2087,Fast-track request,Urban tower design,Women support initiative,Approved with remarks,Reviewed by housing head,187105299,2026-06-02,275,Loan,Approved,2024-08-02,2024-08-17,1,0,15,1024574,31864,High
1112,Maha Nasser,Female,Married,0,0,1,0,28,Dubai,Jumeirah,210,Al Aweer Villas,AAV,Jumeirah,0,527,55.2281,25.1903,Pending document allocation,Compact design,Women support initiative,Approved in committee,Low-risk heading,148386846,2026-06-06,194,Grant,Approved,2024-02-12,2024-03-05,1,0,22,1072116,20723,High
1113,Omar Khalid,Male,Married,0,1,0,0,36,Dubai,Al Warqa,210,Al Aweer Villas,AAV,Al Warqa,1,534,55.4256,25.1925,Social support allocation,Concept pending,Executive housing initiative,Rejected by policy rule,Low-risk heading,161139668,2026-01-04,279,Grant,Rejected,2024-09-26,2024-10-10,0,1,14,984132,27254,Low
1114,Salem Rashid,Male,Single,0,0,1,1,27,Dubai,Al Aweer,203,Khawaneej Family Homes,KFH,Al Aweer,0,555,55.5146,25.1637,Priority family housing,Concept pending,Phase 1 initiative,Pending review,Family support case,207935493,2026-06-02,268,Loan,In Progress,2024-08-19,,0,0,,1114518,30194,Medium
1115,Yousef Nasser,Male,Married,0,0,4,0,28,Dubai,Al Aweer,207,Mizhar Community Homes,MCH,Al Aweer,0,535,55.5012,25.1441,Priority family housing,Standard design,Executive housing initiative,Approved in committee,Reviewed in heading notes,198198317,2026-04-10,203,Loan,Approved,2024-09-09,2024-10-02,1,0,23,485705,24120,High
1116,Yousef Nasser,Male,Married,0,1,4,4,55,Dubai,Al Barsha,209,Nad Al Sheba Homes,NSH,Al Barsha,0,558,55.2042,25.1051,Priority family housing,Efficient layout,Community support initiative,Approved quickly,Reviewed by housing head,77325699,2026-04-30,297,Loan,Approved,2024-01-06,2024-01-30,1,0,24,467717,21379,High
1117,Huda Rashid,Female,Widow,1,0,3,3,28,Dubai,Al Mizhar,209,Nad Al Sheba Homes,NSH,Al Mizhar,0,551,55.4408,25.2633,Single parent support,Compact design,Phase 1 initiative,Rejected after review,Reviewed by housing head,102950483,2026-04-28,120,Loan,Rejected,2024-01-08,2024-01-30,0,1,22,543524,31960,Low
1118,Salem Rashid,Male,Married,0,1,2,2,24,Dubai,Nad Al Sheba,202,Al Rawda Villas,Rawda,Nad Al Sheba,1,524,55.3214,25.1705,Large family allocation,Revised design,Executive housing initiative,Pending review,Reviewed in heading notes,92164527,2025-06-05,225,Loan,In Progress,2024-03-15,,0,0,,529971,26193,Medium
1119,Amina Saeed,Female,Single,0,0,2,2,46,Dubai,Mirdif,208,Dubai South Residences,DSR,Mirdif,0,524,55.4178,25.2199,Single parent support,Modern villa design,Executive housing initiative,Rejected due to eligibility,Needs policy revision,119061945,2025-09-22,120,Grant,Rejected,2024-09-20,2024-10-13,0,1,23,657722,15351,Low
1120,Salem Rashid,Male,Married,0,1,3,0,55,Dubai,Dubai South,207,Mizhar Community Homes,MCH,Dubai South,0,529,55.1805,24.9141,Priority family housing,Luxury family layout,Social initiative,On hold pending documents,Family support case,148462183,2025-08-17,252,Grant,On Hold,2024-09-11,,0,0,,1115673,25395,Medium
1121,Huda Rashid,Female,Married,0,0,1,1,30,Dubai,Al Barsha,206,Muhaisnah Housing,MH,Al Barsha,1,517,55.2046,25.1239,Social support allocation,Compact design,Phase 1 initiative,Approved with remarks,Family support case,171205492,2025-06-01,316,Grant,Approved,2024-09-30,2024-10-21,1,0,21,843471,17418,High
1122,Khaled Omar,Male,Married,0,1,3,1,29,Dubai,Al Barsha,204,Barsha Residences,BR,Al Barsha,0,552,55.2187,25.1186,Standard allocation,Standard design,Women support initiative,Rejected due to eligibility,Reviewed by housing head,207056041,2025-10-23,243,Loan,Rejected,2024-10-24,2024-11-14,0,1,21,889695,22583,Low
1123,Abdulla Saeed,Male,Married,0,0,3,2,26,Dubai,Jumeirah,204,Barsha Residences,BR,Jumeirah,0,515,55.2243,25.1953,Pending document allocation,Concept pending,Social initiative,Approved with remarks,Reviewed by manager,137399347,2026-05-02,193,Loan,Approved,2024-05-07,2024-05-28,1,0,21,517952,30947,High
1124,Khaled Omar,Male,Divorced,0,0,2,1,37,Dubai,Al Mizhar,208,Dubai South Residences,DSR,Al Mizhar,0,557,55.4389,25.2441,Standard allocation,Luxury family layout,Women support initiative,Approved with remarks,Low-risk heading,76567644,2025-10-08,157,Grant,Approved,2024-03-17,2024-03-29,1,0,12,1018757,12928,High
1125,Huda Rashid,Female,Married,0,0,1,0,31,Dubai,Dubai South,208,Dubai South Residences,DSR,Dubai South,0,503,55.1768,24.8816,Fast-track request,Standard design,Women support initiative,Approved quickly,Family support case,155238178,2026-04-14,171,Loan,Approved,2024-11-08,2024-11-27,1,0,19,703662,30194,High
1126,Sara Ahmed,Female,Single,0,0,2,1,25,Dubai,Jumeirah,204,Barsha Residences,BR,Jumeirah,0,542,55.2415,25.2149,Priority family housing,Revised design,Women support initiative,Approved quickly,Reviewed by manager,87129221,2026-02-25,184,Grant,Approved,2024-02-09,2024-02-23,1,0,14,590149,16826,High
1127,Khaled Omar,Male,Married,0,1,3,2,50,Dubai,Al Khawaneej,204,Barsha Residences,BR,Al Khawaneej,0,552,55.4495,25.3105,Priority family housing,Revised design,Affordable housing initiative,Pending review,Low-risk heading,95218724,2025-08-11,189,Loan,In Progress,2024-09-17,,0,0,,631128,12833,Medium
1128,Maha Nasser,Female,Widow,1,0,3,3,48,Dubai,Dubai South,207,Mizhar Community Homes,MCH,Dubai South,0,539,55.1484,24.9127,Regional demand case,Efficient layout,Affordable housing initiative,Approved by board,Escalated case,85436646,2025-11-25,174,Grant,Approved,2024-01-30,2024-02-21,1,0,22,566815,23915,High
1129,Abdulla Saeed,Male,Single,0,0,3,2,53,Dubai,Al Mizhar,201,Al Noor Housing Project,Noor,Al Mizhar,0,520,55.4556,25.2527,Priority family housing,Concept pending,Community support initiative,Rejected by policy rule,Reviewed by housing head,122361587,2026-04-05,120,Grant,Rejected,2024-11-25,2024-12-18,0,1,23,652454,27492,Low
1130,Abdulla Saeed,Male,Married,0,1,1,1,24,Dubai,Jumeirah,205,Jumeirah Villas,JV,Jumeirah,0,532,55.2283,25.2213,Standard allocation,Concept pending,Phase 1 initiative,Approved in committee,Reviewed by manager,214593657,2026-03-28,206,Loan,Approved,2024-06-29,2024-07-17,1,0,18,478813,24029,High
1131,Yousef Nasser,Male,Married,0,0,2,2,32,Dubai,Jumeirah,208,Dubai South Residences,DSR,Jumeirah,0,513,55.2491,25.2078,Pending document allocation,Luxury family layout,Phase 1 initiative,Approved in committee,Reviewed by housing head,90280986,2026-04-05,235,Grant,Approved,2024-01-05,2024-01-28,1,0,23,758978,12382,High
1132,Maryam Hassan,Female,Married,0,0,1,1,26,Dubai,Dubai South,204,Barsha Residences,BR,Dubai South,0,516,55.1603,24.8796,Special widow case,Compact design,Affordable housing initiative,Approved with remarks,Needs policy revision,206656732,2025-09-23,286,Grant,Approved,2024-05-22,2024-06-12,1,0,21,733527,14179,High
1133,Latifa Omar,Female,Widow,1,0,2,0,37,Dubai,Muhaisnah,209,Nad Al Sheba Homes,NSH,Muhaisnah,1,510,55.4568,25.262,Large family allocation,Concept pending,Affordable housing initiative,On hold pending documents,Escalated case,184649032,2025-09-28,289,Loan,On Hold,2024-04-30,,0,0,,837424,18077,Medium
1134,Omar Khalid,Male,Married,0,1,3,1,40,Dubai,Mirdif,206,Muhaisnah Housing,MH,Mirdif,0,554,55.4464,25.2366,Regional demand case,Modern villa design,Affordable housing initiative,Approved with remarks,Needs policy revision,214157603,2025-09-13,148,Loan,Approved,2024-03-04,2024-03-24,1,0,20,1055199,29048,High
1135,Yousef Nasser,Male,Divorced,0,0,2,0,47,Dubai,Al Khawaneej,201,Al Noor Housing Project,Noor,Al Khawaneej,0,553,55.4488,25.2897,Social support allocation,Revised design,Women support initiative,Approved with remarks,Needs policy revision,159030539,2025-12-03,274,Grant,Approved,2024-07-31,2024-08-11,1,0,11,1172493,21151,High
1136,Huda Rashid,Female,Married,0,0,0,0,35,Dubai,Dubai South,201,Al Noor Housing Project,Noor,Dubai South,0,554,55.1555,24.9006,Large family allocation,Compact design,Phase 1 initiative,Approved in committee,Escalated case,126337206,2026-05-14,278,Grant,Approved,2024-07-14,2024-07-27,1,0,13,623732,16882,High
1137,Maha Nasser,Female,Married,0,0,2,1,39,Dubai,Nad Al Sheba,201,Al Noor Housing Project,Noor,Nad Al Sheba,0,554,55.3149,25.153,Priority family housing,Compact design,Executive housing initiative,Rejected after review,Open heading case,103493462,2026-01-18,192,Loan,Rejected,2024-03-29,2024-04-25,0,1,27,735158,20417,Low
1138,Maryam Hassan,Female,Single,0,0,2,1,54,Dubai,Mirdif,202,Al Rawda Villas,Rawda,Mirdif,0,523,55.4349,25.2307,Social support allocation,Compact design,Affordable housing initiative,Awaiting next committee,Reviewed by housing head,161780019,2025-10-23,229,Loan,In Progress,2024-11-16,,0,0,,629332,27018,Medium
1139,Omar Khalid,Male,Single,0,0,3,0,30,Dubai,Nad Al Sheba,201,Al Noor Housing Project,Noor,Nad Al Sheba,0,546,55.3137,25.1713,Fast-track request,Compact design,Affordable housing initiative,Awaiting next review,Open heading case,156358068,2026-05-12,183,Loan,On Hold,2024-03-08,,0,0,,771962,12106,Medium
1140,Omar Khalid,Male,Married,0,1,3,2,52,Dubai,Al Aweer,208,Dubai South Residences,DSR,Al Aweer,0,534,55.5041,25.1527,Pending document allocation,Concept pending,Phase 1 initiative,Approved with remarks,Priority heading,76957831,2026-05-16,276,Loan,Approved,2024-11-09,2024-12-01,1,0,22,1146999,13814,High
1141,Omar Khalid,Male,Married,0,1,3,2,57,Dubai,Jumeirah,206,Muhaisnah Housing,MH,Jumeirah,0,523,55.2197,25.2089,Regional demand case,Urban tower design,Community support initiative,Rejected by policy rule,Reviewed by manager,167645184,2026-02-14,149,Grant,Rejected,2024-02-27,2024-03-19,0,1,21,603497,17038,Low
1142,Huda Rashid,Female,Single,0,0,0,0,62,Dubai,Nad Al Sheba,207,Mizhar Community Homes,MCH,Nad Al Sheba,0,547,55.3149,25.171,Large family allocation,Efficient layout,Expansion initiative,Approved with remarks,Reviewed by housing head,155950044,2025-08-09,135,Grant,Approved,2024-09-18,2024-10-02,1,0,14,569417,13791,High
1143,Noora Ibrahim,Female,Widow,1,0,1,1,37,Dubai,Al Khawaneej,209,Nad Al Sheba Homes,NSH,Al Khawaneej,0,512,55.4654,25.3242,Pending document allocation,Efficient layout,Women support initiative,Approved by board,Reviewed by manager,155891318,2026-05-05,157,Grant,Approved,2024-11-14,2024-11-28,1,0,14,707231,17893,High
1144,Fatima Khalid,Female,Widow,1,0,1,0,61,Dubai,Mirdif,205,Jumeirah Villas,JV,Mirdif,0,535,55.4259,25.2017,Fast-track request,Modern villa design,Community support initiative,Approved in committee,Escalated case,122876644,2026-06-26,220,Loan,Approved,2024-07-11,2024-07-25,1,0,14,632515,14288,High
1145,Abdulla Saeed,Male,Single,0,0,5,0,50,Dubai,Al Aweer,208,Dubai South Residences,DSR,Al Aweer,0,544,55.4946,25.1627,Priority family housing,Concept pending,Social initiative,Approved quickly,Open heading case,131052751,2025-11-24,152,Grant,Approved,2024-06-01,2024-06-19,1,0,18,734217,16152,High
1146,Khaled Omar,Male,Married,0,0,2,1,43,Dubai,Nad Al Sheba,203,Khawaneej Family Homes,KFH,Nad Al Sheba,1,533,55.3099,25.173,Standard allocation,Concept pending,Social initiative,Approved by board,Reviewed by housing head,109928240,2026-06-26,128,Loan,Approved,2024-04-07,2024-05-01,1,0,24,579386,27644,High
1147,Abdulla Saeed,Male,Married,0,1,2,1,38,Dubai,Al Barsha,204,Barsha Residences,BR,Al Barsha,0,530,55.2121,25.0928,Regional demand case,Urban tower design,Executive housing initiative,Approved quickly,Reviewed by housing head,207722412,2025-06-18,196,Grant,Approved,2024-02-20,2024-03-09,1,0,18,826207,18080,High
1148,Sara Ahmed,Female,Married,0,0,2,2,59,Dubai,Al Warqa,202,Al Rawda Villas,Rawda,Al Warqa,0,526,55.4286,25.2206,Regional demand case,Revised design,Women support initiative,Awaiting next review,Open heading case,140056197,2026-04-10,137,Grant,On Hold,2024-09-14,,0,0,,608001,18186,Medium
1149,Noora Ibrahim,Female,Married,0,0,0,0,44,Dubai,Al Mizhar,209,Nad Al Sheba Homes,NSH,Al Mizhar,0,501,55.4529,25.2427,Social support allocation,Standard design,Phase 1 initiative,Rejected due to eligibility,Needs policy revision,83342133,2026-03-04,298,Grant,Rejected,2024-08-29,2024-09-28,0,1,30,735736,22376,Low
1150,Sara Ahmed,Female,Married,0,0,4,0,24,Dubai,Nad Al Sheba,208,Dubai South Residences,DSR,Nad Al Sheba,0,549,55.3148,25.1811,Social support allocation,Concept pending,Affordable housing initiative,Pending manager review,Family support case,89945582,2025-10-25,278,Grant,In Progress,2024-05-07,,0,0,,455672,15246,Medium
1151,Huda Rashid,Female,Married,0,0,2,2,35,Dubai,Nad Al Sheba,205,Jumeirah Villas,JV,Nad Al Sheba,0,552,55.3134,25.1797,Regional demand case,Luxury family layout,Affordable housing initiative,Rejected after review,Needs policy revision,179233652,2025-08-30,175,Grant,Rejected,2024-11-09,2024-12-02,0,1,23,658051,15833,Low
1152,Majid Hassan,Male,Married,0,1,0,0,53,Dubai,Mirdif,208,Dubai South Residences,DSR,Mirdif,0,550,55.4431,25.2386,Special widow case,Concept pending,Expansion initiative,Approved in committee,Open heading case,146077564,2025-08-11,258,Loan,Approved,2024-10-27,2024-11-08,1,0,12,792908,19065,High
1153,Salem Rashid,Male,Married,0,1,2,1,38,Dubai,Al Khawaneej,204,Barsha Residences,BR,Al Khawaneej,0,530,55.448,25.3159,Standard allocation,Luxury family layout,Executive housing initiative,Approved by board,Family support case,179080654,2026-01-18,169,Loan,Approved,2024-05-20,2024-06-03,1,0,14,1188764,31156,High
1154,Khaled Omar,Male,Married,0,1,3,1,40,Dubai,Nad Al Sheba,207,Mizhar Community Homes,MCH,Nad Al Sheba,0,546,55.3392,25.1722,Special widow case,Luxury family layout,Community support initiative,Rejected by policy rule,Family support case,215188265,2026-03-09,146,Loan,Rejected,2024-01-08,2024-01-30,0,1,22,517061,25079,Low
1155,Maha Nasser,Female,Single,0,0,3,1,37,Dubai,Nad Al Sheba,205,Jumeirah Villas,JV,Nad Al Sheba,0,510,55.313,25.1773,Pending document allocation,Urban tower design,Community support initiative,Awaiting next review,Reviewed by manager,81711460,2026-01-21,160,Grant,On Hold,2024-03-26,,0,0,,1056535,30413,Medium
1156,Majid Hassan,Male,Married,0,1,1,0,33,Dubai,Al Warqa,207,Mizhar Community Homes,MCH,Al Warqa,1,548,55.428,25.2164,Regional demand case,Modern villa design,Affordable housing initiative,Pending review,Reviewed by manager,87068925,2025-07-25,127,Loan,In Progress,2024-02-08,,0,0,,805231,19181,Medium
1157,Amina Saeed,Female,Widow,1,0,5,5,58,Dubai,Mirdif,201,Al Noor Housing Project,Noor,Mirdif,0,544,55.4209,25.2276,Standard allocation,Standard design,Executive housing initiative,Approved with remarks,Reviewed by housing head,160398362,2026-01-23,149,Grant,Approved,2024-03-04,2024-03-20,1,0,16,1096982,29173,High
1158,Latifa Omar,Female,Married,0,0,0,0,53,Dubai,Al Khawaneej,204,Barsha Residences,BR,Al Khawaneej,0,551,55.4395,25.3253,Pending document allocation,Concept pending,Affordable housing initiative,Approved with remarks,Needs policy revision,117178504,2026-05-24,197,Grant,Approved,2024-05-11,2024-06-03,1,0,23,804623,17623,High
1159,Maryam Hassan,Female,Single,0,0,0,0,33,Dubai,Al Barsha,202,Al Rawda Villas,Rawda,Al Barsha,0,546,55.1943,25.1285,Pending document allocation,Concept pending,Social initiative,Approved in committee,Reviewed in heading notes,172667178,2025-06-23,239,Grant,Approved,2024-02-27,2024-03-17,1,0,19,558136,22654,High
1160,Salem Rashid,Male,Married,0,0,1,1,59,Dubai,Al Mizhar,201,Al Noor Housing Project,Noor,Al Mizhar,0,505,55.449,25.2467,Fast-track request,Luxury family layout,Expansion initiative,Rejected due to eligibility,Family support case,141897178,2025-12-02,261,Loan,Rejected,2024-02-14,2024-03-10,0,1,25,954307,24942,Low
1161,Yousef Nasser,Male,Divorced,0,0,4,2,57,Dubai,Al Khawaneej,203,Khawaneej Family Homes,KFH,Al Khawaneej,0,529,55.4383,25.3195,Social support allocation,Standard design,Phase 1 initiative,Rejected by policy rule,Escalated case,113121904,2025-08-11,319,Grant,Rejected,2024-04-01,2024-04-24,0,1,23,933396,23514,Low
1162,Majid Hassan,Male,Single,0,0,0,0,40,Dubai,Al Barsha,210,Al Aweer Villas,AAV,Al Barsha,0,535,55.1991,25.1266,Large family allocation,Compact design,Social initiative,Pending review,Reviewed by housing head,152608383,2026-04-10,141,Loan,In Progress,2024-11-07,,0,0,,468969,23252,Medium
1163,Maryam Hassan,Female,Married,0,0,2,1,58,Dubai,Dubai South,201,Al Noor Housing Project,Noor,Dubai South,0,506,55.1641,24.9046,Social support allocation,Luxury family layout,Social initiative,Approved quickly,Priority heading,191818254,2025-08-29,214,Grant,Approved,2024-04-03,2024-04-26,1,0,23,697238,25149,High
1164,Latifa Omar,Female,Single,0,0,2,1,49,Dubai,Mirdif,201,Al Noor Housing Project,Noor,Mirdif,0,542,55.4135,25.2195,Pending document allocation,Luxury family layout,Women support initiative,Pending review,Low-risk heading,165230038,2026-01-06,205,Loan,In Progress,2024-02-15,,0,0,,980143,17828,Medium
1165,Noora Ibrahim,Female,Married,0,0,6,4,59,Dubai,Nad Al Sheba,207,Mizhar Community Homes,MCH,Nad Al Sheba,0,520,55.3342,25.1575,Pending document allocation,Urban tower design,Phase 1 initiative,Approved in committee,Reviewed by housing head,161838271,2026-02-12,234,Grant,Approved,2024-09-15,2024-09-28,1,0,13,595816,30080,High
1166,Ahmed Ali,Male,Married,0,1,6,0,40,Dubai,Al Warqa,203,Khawaneej Family Homes,KFH,Al Warqa,0,534,55.4367,25.2079,Social support allocation,Standard design,Executive housing initiative,Rejected due to eligibility,Reviewed by manager,84205619,2025-08-13,166,Grant,Rejected,2024-02-02,2024-02-16,0,1,14,1098547,27053,Low
1167,Hamad Ali,Male,Divorced,0,0,4,4,49,Dubai,Jumeirah,202,Al Rawda Villas,Rawda,Jumeirah,0,523,55.2409,25.1866,Standard allocation,Standard design,Community support initiative,Pending review,Family support case,196014005,2025-09-08,121,Grant,In Progress,2024-05-26,,0,0,,597277,18371,Medium
1168,Maha Nasser,Female,Single,0,0,2,0,49,Dubai,Al Barsha,207,Mizhar Community Homes,MCH,Al Barsha,0,543,55.2107,25.119,Special widow case,Compact design,Community support initiative,Awaiting next review,Priority heading,114537592,2026-03-07,201,Loan,On Hold,2024-11-19,,0,0,,851390,21279,Medium
1169,Hamad Ali,Male,Single,0,0,4,4,61,Dubai,Al Mizhar,210,Al Aweer Villas,AAV,Al Mizhar,0,545,55.456,25.2637,Special widow case,Modern villa design,Social initiative,Approved quickly,Reviewed by manager,157540999,2025-12-08,172,Grant,Approved,2024-09-04,2024-09-20,1,0,16,1135270,14809,High
1170,Fatima Khalid,Female,Married,0,0,6,3,28,Dubai,Dubai South,204,Barsha Residences,BR,Dubai South,0,537,55.174,24.896,Large family allocation,Revised design,Affordable housing initiative,Approved with remarks,Reviewed by manager,214375000,2025-09-05,218,Loan,Approved,2024-04-20,2024-05-01,1,0,11,605123,24961,High
1171,Latifa Omar,Female,Married,0,0,0,0,41,Dubai,Dubai South,210,Al Aweer Villas,AAV,Dubai South,0,549,55.1545,24.9079,Fast-track request,Luxury family layout,Executive housing initiative,Deferred for clarification,Reviewed in heading notes,142969084,2025-07-28,158,Loan,On Hold,2024-05-15,,0,0,,962815,23577,Medium
1172,Sara Ahmed,Female,Divorced,0,0,4,2,50,Dubai,Dubai South,206,Muhaisnah Housing,MH,Dubai South,0,547,55.17,24.8854,Standard allocation,Efficient layout,Affordable housing initiative,Awaiting next review,Reviewed in heading notes,216662225,2026-03-06,187,Loan,On Hold,2024-09-10,,0,0,,540845,12624,Medium
1173,Abdulla Saeed,Male,Single,0,0,4,3,56,Dubai,Al Aweer,210,Al Aweer Villas,AAV,Al Aweer,0,524,55.4866,25.157,Pending document allocation,Concept pending,Women support initiative,Rejected by policy rule,Needs policy revision,169325592,2025-10-04,310,Grant,Rejected,2024-04-22,2024-05-14,0,1,22,631998,28503,Low
1174,Omar Khalid,Male,Divorced,0,0,5,4,32,Dubai,Al Khawaneej,207,Mizhar Community Homes,MCH,Al Khawaneej,0,521,55.4701,25.3188,Single parent support,Urban tower design,Executive housing initiative,Approved with remarks,Open heading case,153414068,2026-03-02,243,Grant,Approved,2024-11-10,2024-11-28,1,0,18,1186846,20029,High
1175,Huda Rashid,Female,Married,0,0,1,1,55,Dubai,Muhaisnah,202,Al Rawda Villas,Rawda,Muhaisnah,0,525,55.4757,25.2608,Regional demand case,Luxury family layout,Social initiative,On hold pending documents,Escalated case,86828412,2026-02-11,263,Loan,On Hold,2024-05-30,,0,0,,810237,30440,Medium
1176,Majid Hassan,Male,Married,0,1,0,0,62,Dubai,Dubai South,205,Jumeirah Villas,JV,Dubai South,0,559,55.1566,24.8764,Pending document allocation,Revised design,Executive housing initiative,Approved in committee,Escalated case,83649980,2025-09-24,309,Loan,Approved,2024-07-07,2024-07-27,1,0,20,1131426,24883,High
1177,Khaled Omar,Male,Married,0,0,2,2,24,Dubai,Al Aweer,210,Al Aweer Villas,AAV,Al Aweer,0,548,55.4811,25.1744,Special widow case,Standard design,Women support initiative,Approved with remarks,Priority heading,175270184,2025-06-02,234,Loan,Approved,2024-03-22,2024-04-03,1,0,12,595648,23495,High
1178,Noora Ibrahim,Female,Married,0,0,0,0,56,Dubai,Al Warqa,201,Al Noor Housing Project,Noor,Al Warqa,0,513,55.4136,25.2079,Fast-track request,Modern villa design,Phase 1 initiative,Rejected by policy rule,Reviewed by housing head,119348885,2026-07-15,285,Grant,Rejected,2024-10-05,2024-11-02,0,1,28,1150784,14998,Low
1179,Sara Ahmed,Female,Married,0,0,5,4,30,Dubai,Al Barsha,210,Al Aweer Villas,AAV,Al Barsha,0,512,55.1869,25.0985,Large family allocation,Urban tower design,Executive housing initiative,Approved quickly,Escalated case,92542994,2026-07-14,230,Grant,Approved,2024-11-03,2024-11-15,1,0,12,901402,25054,High
1180,Fatima Khalid,Female,Widow,1,0,4,4,36,Dubai,Mirdif,201,Al Noor Housing Project,Noor,Mirdif,0,560,55.4374,25.2286,Special widow case,Modern villa design,Community support initiative,Approved by board,Reviewed by housing head,215318396,2026-02-01,150,Grant,Approved,2024-04-08,2024-04-25,1,0,17,1087459,17945,High
1181,Maha Nasser,Female,Married,0,0,0,0,43,Dubai,Jumeirah,207,Mizhar Community Homes,MCH,Jumeirah,0,508,55.2439,25.2091,Special widow case,Modern villa design,Women support initiative,Rejected after review,Needs policy revision,98037870,2025-10-13,319,Loan,Rejected,2024-06-10,2024-07-09,0,1,29,595822,30511,Low
1182,Omar Khalid,Male,Single,0,0,3,2,25,Dubai,Dubai South,206,Muhaisnah Housing,MH,Dubai South,0,516,55.1647,24.878,Large family allocation,Urban tower design,Expansion initiative,Approved by board,Reviewed in heading notes,73006228,2026-07-13,149,Loan,Approved,2024-07-05,2024-07-16,1,0,11,1044796,17835,High
1183,Majid Hassan,Male,Married,0,1,4,3,40,Dubai,Al Warqa,207,Mizhar Community Homes,MCH,Al Warqa,0,509,55.406,25.2225,Social support allocation,Standard design,Executive housing initiative,Approved by board,Priority heading,170297771,2025-11-27,292,Loan,Approved,2024-01-24,2024-02-05,1,0,12,962210,16620,High
1184,Maryam Hassan,Female,Married,0,0,6,6,27,Dubai,Nad Al Sheba,201,Al Noor Housing Project,Noor,Nad Al Sheba,1,521,55.3062,25.1514,Standard allocation,Modern villa design,Community support initiative,Approved with remarks,Reviewed by housing head,191601667,2025-11-10,151,Loan,Approved,2024-06-23,2024-07-11,1,0,18,1192980,20665,High
1185,Huda Rashid,Female,Married,0,0,6,1,44,Dubai,Muhaisnah,207,Mizhar Community Homes,MCH,Muhaisnah,0,524,55.4616,25.2648,Large family allocation,Standard design,Social initiative,Awaiting next review,Escalated case,196551757,2025-06-13,275,Loan,On Hold,2024-06-13,,0,0,,641365,24192,Medium
1186,Maha Nasser,Female,Married,0,0,2,2,36,Dubai,Dubai South,206,Muhaisnah Housing,MH,Dubai South,0,536,55.1797,24.8856,Large family allocation,Modern villa design,Executive housing initiative,Approved in committee,Family support case,78521081,2026-07-19,217,Grant,Approved,2024-02-13,2024-03-04,1,0,20,514435,25297,High
1187,Khaled Omar,Male,Married,0,0,3,0,30,Dubai,Dubai South,207,Mizhar Community Homes,MCH,Dubai South,0,536,55.1793,24.8854,Social support allocation,Concept pending,Women support initiative,Awaiting next committee,Escalated case,190646392,2025-12-29,172,Loan,In Progress,2024-04-15,,0,0,,951817,29761,Medium
1188,Latifa Omar,Female,Married,0,0,1,1,31,Dubai,Al Khawaneej,205,Jumeirah Villas,JV,Al Khawaneej,0,550,55.4643,25.3127,Social support allocation,Luxury family layout,Expansion initiative,Approved in committee,Escalated case,138414495,2026-02-22,142,Grant,Approved,2024-04-08,2024-04-28,1,0,20,860437,31178,High
1189,Amina Saeed,Female,Married,0,0,2,1,25,Dubai,Dubai South,206,Muhaisnah Housing,MH,Dubai South,0,525,55.1606,24.8975,Standard allocation,Concept pending,Executive housing initiative,Approved in committee,Reviewed by housing head,71036227,2026-01-18,241,Loan,Approved,2024-09-22,2024-10-05,1,0,13,744754,28665,High
1190,Latifa Omar,Female,Divorced,0,0,7,5,33,Dubai,Mirdif,207,Mizhar Community Homes,MCH,Mirdif,0,524,55.4498,25.239,Single parent support,Revised design,Community support initiative,Pending review,Needs policy revision,130674863,2026-05-08,198,Grant,In Progress,2024-08-06,,0,0,,642375,28986,Medium
1191,Ahmed Ali,Male,Single,0,0,2,1,54,Dubai,Al Warqa,209,Nad Al Sheba Homes,NSH,Al Warqa,0,528,55.4107,25.2027,Standard allocation,Revised design,Community support initiative,Pending review,Family support case,205261819,2026-05-01,145,Grant,In Progress,2024-03-11,,0,0,,954193,17541,Medium
1192,Noora Ibrahim,Female,Married,0,0,2,1,48,Dubai,Jumeirah,210,Al Aweer Villas,AAV,Jumeirah,0,503,55.2192,25.2233,Large family allocation,Urban tower design,Executive housing initiative,Approved with remarks,Family support case,172454914,2025-10-07,263,Grant,Approved,2024-10-27,2024-11-07,1,0,11,1023962,25750,High
1193,Fatima Khalid,Female,Widow,1,0,3,0,26,Dubai,Al Barsha,208,Dubai South Residences,DSR,Al Barsha,0,560,55.1949,25.1027,Single parent support,Concept pending,Social initiative,Approved quickly,Reviewed in heading notes,128362469,2026-03-20,222,Loan,Approved,2024-09-24,2024-10-11,1,0,17,897667,20509,High
1194,Omar Khalid,Male,Divorced,0,0,2,2,33,Dubai,Jumeirah,205,Jumeirah Villas,JV,Jumeirah,0,558,55.249,25.2087,Standard allocation,Urban tower design,Executive housing initiative,Approved in committee,Reviewed in heading notes,175545096,2025-10-28,285,Loan,Approved,2024-07-17,2024-07-27,1,0,10,475015,29449,High
1195,Latifa Omar,Female,Married,0,0,1,0,28,Dubai,Al Khawaneej,205,Jumeirah Villas,JV,Al Khawaneej,0,508,55.4684,25.3076,Standard allocation,Compact design,Women support initiative,Rejected due to eligibility,Family support case,218861676,2025-09-15,257,Loan,Rejected,2024-10-26,2024-11-24,0,1,29,1085602,13043,Low
1196,Yousef Nasser,Male,Married,0,1,4,2,41,Dubai,Mirdif,206,Muhaisnah Housing,MH,Mirdif,0,517,55.4247,25.2253,Priority family housing,Efficient layout,Social initiative,Approved in committee,Priority heading,187222016,2025-10-22,194,Loan,Approved,2024-07-13,2024-08-02,1,0,20,1129192,24876,High
1197,Latifa Omar,Female,Single,0,0,3,2,30,Dubai,Al Barsha,207,Mizhar Community Homes,MCH,Al Barsha,1,527,55.1847,25.1267,Social support allocation,Luxury family layout,Women support initiative,Approved quickly,Escalated case,89553186,2026-07-04,223,Loan,Approved,2024-03-02,2024-03-24,1,0,22,768329,22333,High
1198,Sara Ahmed,Female,Single,0,0,6,0,51,Dubai,Al Barsha,205,Jumeirah Villas,JV,Al Barsha,0,522,55.2001,25.1051,Special widow case,Standard design,Phase 1 initiative,Approved in committee,Low-risk heading,156328241,2026-04-23,189,Loan,Approved,2024-06-27,2024-07-19,1,0,22,1116190,12483,High
1199,Majid Hassan,Male,Married,0,1,2,0,55,Dubai,Al Barsha,206,Muhaisnah Housing,MH,Al Barsha,0,504,55.2144,25.0934,Fast-track request,Concept pending,Executive housing initiative,Approved in committee,Escalated case,201619907,2025-12-01,135,Grant,Approved,2024-11-04,2024-11-15,1,0,11,861443,18916,High
1200,Salem Rashid,Male,Married,0,0,2,1,51,Dubai,Nad Al Sheba,204,Barsha Residences,BR,Nad Al Sheba,0,506,55.3179,25.1581,Single parent support,Concept pending,Phase 1 initiative,Approved with remarks,Family support case,189082832,2025-06-26,317,Grant,Approved,2024-05-30,2024-06-10,1,0,11,618821,16227,High
1201,Khaled Omar,Male,Married,0,1,1,0,53,Dubai,Mirdif,202,Al Rawda Villas,Rawda,Mirdif,0,542,55.4377,25.2024,Special widow case,Revised design,Executive housing initiative,Pending review,Open heading case,132252516,2026-06-29,172,Loan,In Progress,2024-08-10,,0,0,,923437,22206,Medium
1202,Latifa Omar,Female,Widow,1,0,2,1,58,Dubai,Al Khawaneej,204,Barsha Residences,BR,Al Khawaneej,0,515,55.4556,25.3131,Pending document allocation,Efficient layout,Women support initiative,Rejected by policy rule,Low-risk heading,157506665,2025-07-16,305,Grant,Rejected,2024-11-05,2024-11-21,0,1,16,685637,30223,Low
1203,Maryam Hassan,Female,Married,0,0,3,2,58,Dubai,Mirdif,208,Dubai South Residences,DSR,Mirdif,0,546,55.4215,25.233,Priority family housing,Luxury family layout,Executive housing initiative,Approved quickly,Low-risk heading,212555046,2026-01-01,289,Grant,Approved,2024-09-26,2024-10-08,1,0,12,506366,27025,High
1204,Khaled Omar,Male,Married,0,1,1,1,44,Dubai,Al Aweer,201,Al Noor Housing Project,Noor,Al Aweer,0,533,55.5152,25.1523,Single parent support,Concept pending,Executive housing initiative,Rejected due to eligibility,Priority heading,180330804,2025-08-06,221,Loan,Rejected,2024-02-15,2024-03-14,0,1,28,1172808,31803,Low
1205,Khaled Omar,Male,Married,0,1,1,1,50,Dubai,Muhaisnah,204,Barsha Residences,BR,Muhaisnah,0,507,55.4556,25.256,Fast-track request,Revised design,Executive housing initiative,Approved in committee,Low-risk heading,142025668,2026-05-17,298,Loan,Approved,2024-06-12,2024-07-04,1,0,22,856173,30482,High
1206,Latifa Omar,Female,Married,0,0,4,2,48,Dubai,Mirdif,205,Jumeirah Villas,JV,Mirdif,0,560,55.4437,25.2236,Fast-track request,Standard design,Social initiative,Rejected by policy rule,Open heading case,130140127,2026-03-30,136,Grant,Rejected,2024-07-31,2024-08-14,0,1,14,584628,15947,Low
1207,Majid Hassan,Male,Single,0,0,5,3,53,Dubai,Al Mizhar,202,Al Rawda Villas,Rawda,Al Mizhar,0,556,55.4611,25.2441,Fast-track request,Concept pending,Affordable housing initiative,Awaiting next review,Reviewed by manager,187231215,2026-07-04,237,Loan,On Hold,2024-02-08,,0,0,,846233,26104,Medium
1208,Yousef Nasser,Male,Married,0,1,3,3,61,Dubai,Al Khawaneej,204,Barsha Residences,BR,Al Khawaneej,0,551,55.4736,25.2992,Standard allocation,Revised design,Affordable housing initiative,Approved by board,Low-risk heading,77215531,2026-04-05,300,Grant,Approved,2024-01-09,2024-01-26,1,0,17,749847,28257,High
1209,Khaled Omar,Male,Divorced,0,0,3,3,30,Dubai,Nad Al Sheba,207,Mizhar Community Homes,MCH,Nad Al Sheba,1,555,55.3236,25.1562,Social support allocation,Concept pending,Affordable housing initiative,Pending manager review,Priority heading,98013128,2026-06-06,246,Grant,In Progress,2024-01-14,,0,0,,958298,29055,Medium
1210,Majid Hassan,Male,Married,0,1,0,0,62,Dubai,Al Khawaneej,210,Al Aweer Villas,AAV,Al Khawaneej,0,503,55.4444,25.299,Priority family housing,Luxury family layout,Affordable housing initiative,Approved with remarks,Low-risk heading,192447336,2025-07-28,182,Loan,Approved,2024-01-30,2024-02-22,1,0,23,516685,22141,High
1211,Sara Ahmed,Female,Divorced,0,0,2,2,47,Dubai,Mirdif,208,Dubai South Residences,DSR,Mirdif,0,519,55.4427,25.2077,Single parent support,Luxury family layout,Executive housing initiative,Approved quickly,Reviewed by housing head,198677071,2025-12-30,313,Grant,Approved,2024-09-11,2024-09-21,1,0,10,1028613,31989,High
1212,Noora Ibrahim,Female,Married,0,0,5,2,33,Dubai,Nad Al Sheba,210,Al Aweer Villas,AAV,Nad Al Sheba,0,539,55.3077,25.1735,Single parent support,Standard design,Affordable housing initiative,Pending manager review,Low-risk heading,170004778,2025-09-15,314,Grant,In Progress,2024-03-08,,0,0,,642840,28724,Medium
1213,Abdulla Saeed,Male,Married,0,1,1,1,53,Dubai,Al Barsha,209,Nad Al Sheba Homes,NSH,Al Barsha,0,515,55.1984,25.126,Standard allocation,Standard design,Phase 1 initiative,Approved in committee,Reviewed in heading notes,184703185,2025-12-18,298,Grant,Approved,2024-08-18,2024-09-09,1,0,22,515992,28130,High
1214,Huda Rashid,Female,Widow,1,0,5,1,58,Dubai,Al Aweer,203,Khawaneej Family Homes,KFH,Al Aweer,0,530,55.5071,25.1559,Pending document allocation,Concept pending,Women support initiative,Approved with remarks,Reviewed by housing head,117889140,2025-07-11,231,Grant,Approved,2024-08-20,2024-09-05,1,0,16,555483,19037,High
1215,Hamad Ali,Male,Married,0,1,3,2,60,Dubai,Al Khawaneej,209,Nad Al Sheba Homes,NSH,Al Khawaneej,0,534,55.4508,25.3206,Single parent support,Urban tower design,Expansion initiative,Approved in committee,Open heading case,204821618,2025-06-14,264,Grant,Approved,2024-03-24,2024-04-14,1,0,21,1025662,22922,High
1216,Fatima Khalid,Female,Widow,1,0,2,0,54,Dubai,Dubai South,204,Barsha Residences,BR,Dubai South,0,555,55.148,24.8882,Fast-track request,Standard design,Affordable housing initiative,Rejected due to eligibility,Reviewed by manager,102787026,2025-09-26,211,Loan,Rejected,2024-05-21,2024-06-18,0,1,28,1116294,12792,Low
1217,Latifa Omar,Female,Married,0,0,5,1,24,Dubai,Al Aweer,205,Jumeirah Villas,JV,Al Aweer,0,529,55.5057,25.1469,Standard allocation,Standard design,Affordable housing initiative,Awaiting next committee,Open heading case,83237366,2026-07-22,274,Grant,In Progress,2024-04-19,,0,0,,810237,12887,Medium
1218,Sara Ahmed,Female,Widow,1,0,2,0,49,Dubai,Al Aweer,204,Barsha Residences,BR,Al Aweer,0,514,55.5176,25.1467,Social support allocation,Compact design,Women support initiative,Pending manager review,Open heading case,151895578,2026-06-05,227,Grant,In Progress,2024-10-24,,0,0,,598768,25463,Medium
1219,Khaled Omar,Male,Married,0,0,2,0,55,Dubai,Jumeirah,201,Al Noor Housing Project,Noor,Jumeirah,0,553,55.2502,25.2107,Pending document allocation,Urban tower design,Phase 1 initiative,Approved quickly,Reviewed by manager,156358992,2025-11-01,198,Grant,Approved,2024-05-28,2024-06-07,1,0,10,843345,12244,High
1220,Ahmed Ali,Male,Married,0,1,4,4,56,Dubai,Muhaisnah,202,Al Rawda Villas,Rawda,Muhaisnah,0,546,55.4563,25.2647,Special widow case,Luxury family layout,Social initiative,Approved quickly,Reviewed in heading notes,93728231,2026-07-05,229,Grant,Approved,2024-09-14,2024-10-02,1,0,18,859505,27826,High
1221,Salem Rashid,Male,Married,0,1,3,0,47,Dubai,Al Khawaneej,206,Muhaisnah Housing,MH,Al Khawaneej,0,537,55.4504,25.2899,Fast-track request,Urban tower design,Social initiative,Approved in committee,Open heading case,150480589,2025-07-28,232,Grant,Approved,2024-06-04,2024-06-20,1,0,16,534216,14758,High
1222,Salem Rashid,Male,Single,0,0,0,0,53,Dubai,Dubai South,207,Mizhar Community Homes,MCH,Dubai South,0,551,55.1727,24.9026,Pending document allocation,Standard design,Women support initiative,Approved with remarks,Priority heading,75396815,2026-07-25,289,Grant,Approved,2024-06-12,2024-07-02,1,0,20,772023,14053,High
1223,Fatima Khalid,Female,Widow,1,0,2,2,30,Dubai,Jumeirah,209,Nad Al Sheba Homes,NSH,Jumeirah,0,551,55.2138,25.1858,Social support allocation,Compact design,Social initiative,Approved with remarks,Needs policy revision,112166463,2026-01-23,235,Grant,Approved,2024-11-03,2024-11-18,1,0,15,892251,24559,High
1224,Noora Ibrahim,Female,Divorced,0,0,4,4,47,Dubai,Al Warqa,209,Nad Al Sheba Homes,NSH,Al Warqa,0,545,55.4016,25.1861,Priority family housing,Modern villa design,Expansion initiative,Rejected by policy rule,Open heading case,194246871,2025-09-18,180,Grant,Rejected,2024-08-29,2024-09-24,0,1,26,509938,19606,Low
1225,Noora Ibrahim,Female,Married,0,0,1,1,44,Dubai,Jumeirah,209,Nad Al Sheba Homes,NSH,Jumeirah,0,560,55.228,25.1907,Special widow case,Urban tower design,Expansion initiative,Approved by board,Needs policy revision,137585483,2026-01-28,196,Grant,Approved,2024-11-18,2024-12-07,1,0,19,596104,28306,High
1226,Majid Hassan,Male,Married,0,1,4,3,24,Dubai,Al Khawaneej,208,Dubai South Residences,DSR,Al Khawaneej,0,525,55.4395,25.2996,Regional demand case,Modern villa design,Social initiative,Approved by board,Low-risk heading,178753754,2026-02-01,181,Loan,Approved,2024-02-15,2024-02-26,1,0,11,1177856,24221,High
1227,Omar Khalid,Male,Married,0,1,0,0,62,Dubai,Muhaisnah,209,Nad Al Sheba Homes,NSH,Muhaisnah,1,529,55.4575,25.2786,Pending document allocation,Luxury family layout,Women support initiative,Approved by board,Escalated case,206976813,2025-09-07,259,Grant,Approved,2024-04-16,2024-05-09,1,0,23,901650,22637,High
1228,Huda Rashid,Female,Single,0,0,2,2,27,Dubai,Dubai South,203,Khawaneej Family Homes,KFH,Dubai South,0,512,55.1623,24.9144,Standard allocation,Compact design,Expansion initiative,On hold pending documents,Low-risk heading,102476445,2026-04-07,283,Grant,On Hold,2024-06-15,,0,0,,925811,14267,Medium
1229,Amina Saeed,Female,Widow,1,0,0,0,60,Dubai,Al Aweer,210,Al Aweer Villas,AAV,Al Aweer,0,542,55.4913,25.1565,Large family allocation,Modern villa design,Affordable housing initiative,Approved with remarks,Needs policy revision,68953907,2025-11-14,317,Loan,Approved,2024-08-31,2024-09-20,1,0,20,1018802,27618,High
1230,Maha Nasser,Female,Widow,1,0,4,0,27,Dubai,Al Warqa,204,Barsha Residences,BR,Al Warqa,0,517,55.4309,25.2162,Special widow case,Compact design,Women support initiative,Approved by board,Low-risk heading,72289017,2025-10-29,279,Grant,Approved,2024-02-09,2024-02-24,1,0,15,453787,29051,High
1231,Sara Ahmed,Female,Married,0,0,3,3,44,Dubai,Jumeirah,209,Nad Al Sheba Homes,NSH,Jumeirah,0,526,55.2334,25.2161,Single parent support,Urban tower design,Community support initiative,Approved quickly,Escalated case,190490259,2026-02-04,222,Loan,Approved,2024-09-16,2024-10-05,1,0,19,909164,16735,High
1232,Huda Rashid,Female,Married,0,0,3,0,57,Dubai,Al Barsha,208,Dubai South Residences,DSR,Al Barsha,0,532,55.2119,25.0944,Regional demand case,Luxury family layout,Affordable housing initiative,Rejected due to eligibility,Family support case,82318811,2025-09-23,160,Grant,Rejected,2024-02-21,2024-03-13,0,1,21,767220,29660,Low
1233,Huda Rashid,Female,Married,0,0,4,2,41,Dubai,Mirdif,208,Dubai South Residences,DSR,Mirdif,0,558,55.4347,25.241,Fast-track request,Urban tower design,Social initiative,Approved quickly,Reviewed by manager,87849086,2025-11-22,224,Grant,Approved,2024-02-08,2024-02-19,1,0,11,969700,13710,High
1234,Majid Hassan,Male,Married,0,1,3,2,37,Dubai,Jumeirah,202,Al Rawda Villas,Rawda,Jumeirah,0,546,55.2267,25.1989,Pending document allocation,Standard design,Women support initiative,Pending manager review,Low-risk heading,91788578,2026-02-10,287,Loan,In Progress,2024-06-17,,0,0,,725319,17407,Medium
1235,Noora Ibrahim,Female,Widow,1,0,4,0,30,Dubai,Muhaisnah,202,Al Rawda Villas,Rawda,Muhaisnah,0,518,55.4601,25.2552,Regional demand case,Concept pending,Social initiative,Rejected after review,Reviewed in heading notes,122219146,2025-09-21,230,Loan,Rejected,2024-11-15,2024-12-11,0,1,26,1087003,23094,Low
1236,Yousef Nasser,Male,Single,0,0,1,1,42,Dubai,Al Khawaneej,204,Barsha Residences,BR,Al Khawaneej,0,548,55.4589,25.316,Social support allocation,Compact design,Executive housing initiative,Approved with remarks,Reviewed by housing head,119150212,2026-07-22,290,Loan,Approved,2024-01-01,2024-01-25,1,0,24,590022,16711,High
1237,Huda Rashid,Female,Widow,1,0,0,0,55,Dubai,Al Aweer,202,Al Rawda Villas,Rawda,Al Aweer,0,534,55.4904,25.1581,Priority family housing,Standard design,Expansion initiative,Rejected after review,Family support case,209680923,2026-07-15,288,Loan,Rejected,2024-06-06,2024-06-26,0,1,20,559341,14756,Low
1238,Maryam Hassan,Female,Married,0,0,0,0,48,Dubai,Jumeirah,205,Jumeirah Villas,JV,Jumeirah,0,541,55.2507,25.2233,Single parent support,Modern villa design,Women support initiative,Approved quickly,Open heading case,194813948,2026-06-07,300,Grant,Approved,2024-03-22,2024-04-11,1,0,20,716080,21318,High
1239,Maha Nasser,Female,Widow,1,0,3,0,28,Dubai,Nad Al Sheba,202,Al Rawda Villas,Rawda,Nad Al Sheba,0,503,55.3057,25.1484,Pending document allocation,Compact design,Expansion initiative,Approved quickly,Reviewed by housing head,103673839,2026-03-05,282,Grant,Approved,2024-01-21,2024-02-01,1,0,11,561114,17605,High
1240,Omar Khalid,Male,Single,0,0,1,0,36,Dubai,Al Khawaneej,208,Dubai South Residences,DSR,Al Khawaneej,0,545,55.4652,25.3215,Priority family housing,Concept pending,Social initiative,Approved in committee,Reviewed by manager,152092313,2025-08-31,297,Loan,Approved,2024-10-05,2024-10-20,1,0,15,600636,12657,High
1241,Majid Hassan,Male,Single,0,0,4,0,61,Dubai,Al Warqa,210,Al Aweer Villas,AAV,Al Warqa,0,534,55.4167,25.203,Regional demand case,Standard design,Women support initiative,Approved by board,Family support case,87022155,2026-02-24,210,Loan,Approved,2024-07-06,2024-07-18,1,0,12,994046,29427,High
1242,Majid Hassan,Male,Single,0,0,7,1,47,Dubai,Al Warqa,204,Barsha Residences,BR,Al Warqa,0,540,55.4004,25.2069,Pending document allocation,Revised design,Community support initiative,Approved with remarks,Open heading case,71329588,2026-07-10,263,Loan,Approved,2024-06-16,2024-07-01,1,0,15,1170724,12986,High
1243,Yousef Nasser,Male,Divorced,0,0,3,0,55,Dubai,Al Warqa,203,Khawaneej Family Homes,KFH,Al Warqa,0,527,55.4232,25.2059,Standard allocation,Luxury family layout,Social initiative,Pending manager review,Needs policy revision,208913362,2026-07-16,159,Grant,In Progress,2024-09-08,,0,0,,1011737,13434,Medium
1244,Fatima Khalid,Female,Widow,1,0,3,3,32,Dubai,Al Barsha,206,Muhaisnah Housing,MH,Al Barsha,0,559,55.2121,25.0909,Standard allocation,Luxury family layout,Phase 1 initiative,Approved quickly,Reviewed in heading notes,208205474,2026-07-19,283,Grant,Approved,2024-06-15,2024-07-04,1,0,19,561188,18113,High
1245,Omar Khalid,Male,Single,0,0,1,0,43,Dubai,Al Barsha,209,Nad Al Sheba Homes,NSH,Al Barsha,0,522,55.1813,25.1252,Pending document allocation,Revised design,Affordable housing initiative,Approved in committee,Family support case,68587292,2026-03-13,270,Grant,Approved,2024-10-20,2024-11-12,1,0,23,1002322,18489,High
1246,Hamad Ali,Male,Married,0,1,1,1,28,Dubai,Mirdif,201,Al Noor Housing Project,Noor,Mirdif,1,504,55.4525,25.2054,Priority family housing,Compact design,Phase 1 initiative,Pending review,Reviewed in heading notes,142806629,2025-09-24,184,Grant,In Progress,2024-03-22,,0,0,,922722,31974,Medium
1247,Sara Ahmed,Female,Single,0,0,0,0,43,Dubai,Al Mizhar,205,Jumeirah Villas,JV,Al Mizhar,0,551,55.4316,25.2547,Large family allocation,Revised design,Expansion initiative,Awaiting next committee,Reviewed by manager,101752337,2025-10-24,313,Loan,In Progress,2024-04-01,,0,0,,905770,18042,Medium
1248,Yousef Nasser,Male,Married,0,1,2,0,52,Dubai,Muhaisnah,204,Barsha Residences,BR,Muhaisnah,0,505,55.4525,25.2611,Regional demand case,Compact design,Phase 1 initiative,Approved by board,Reviewed by manager,118100208,2026-07-18,193,Grant,Approved,2024-01-25,2024-02-04,1,0,10,979653,28699,High
1249,Majid Hassan,Male,Married,0,1,3,2,50,Dubai,Al Mizhar,202,Al Rawda Villas,Rawda,Al Mizhar,0,523,55.45,25.2529,Social support allocation,Revised design,Affordable housing initiative,Pending review,Needs policy revision,201779898,2026-04-23,315,Loan,In Progress,2024-02-14,,0,0,,595963,15667,Medium
1250,Huda Rashid,Female,Married,0,0,0,0,57,Dubai,Al Warqa,202,Al Rawda Villas,Rawda,Al Warqa,0,507,55.4179,25.2017,Social support allocation,Revised design,Affordable housing initiative,Approved with remarks,Reviewed in heading notes,161443618,2026-05-25,177,Grant,Approved,2024-09-15,2024-10-08,1,0,23,468278,26242,High
1251,Maryam Hassan,Female,Married,0,0,1,0,57,Dubai,Muhaisnah,201,Al Noor Housing Project,Noor,Muhaisnah,0,542,55.4507,25.2803,Priority family housing,Compact design,Women support initiative,Rejected due to eligibility,Needs policy revision,109888165,2025-06-18,135,Loan,Rejected,2024-01-25,2024-02-23,0,1,29,679911,20893,Low
1252,Ahmed Ali,Male,Married,0,1,4,3,42,Dubai,Dubai South,206,Muhaisnah Housing,MH,Dubai South,0,545,55.1573,24.9157,Single parent support,Modern villa design,Women support initiative,Deferred for clarification,Family support case,195284038,2026-03-16,135,Grant,On Hold,2024-07-06,,0,0,,867515,26153,Medium
1253,Maryam Hassan,Female,Married,0,0,5,0,30,Dubai,Nad Al Sheba,206,Muhaisnah Housing,MH,Nad Al Sheba,1,502,55.3343,25.1544,Large family allocation,Compact design,Expansion initiative,Approved by board,Family support case,117037198,2025-07-04,306,Loan,Approved,2024-02-28,2024-03-14,1,0,15,547420,24903,High
1254,Khaled Omar,Male,Married,0,1,4,1,24,Dubai,Al Aweer,209,Nad Al Sheba Homes,NSH,Al Aweer,0,541,55.4936,25.1498,Regional demand case,Urban tower design,Affordable housing initiative,Rejected by policy rule,Escalated case,194381472,2026-01-16,158,Loan,Rejected,2024-05-14,2024-06-06,0,1,23,793994,24080,Low
1255,Salem Rashid,Male,Married,0,1,1,1,55,Dubai,Mirdif,207,Mizhar Community Homes,MCH,Mirdif,1,554,55.4187,25.2298,Large family allocation,Luxury family layout,Affordable housing initiative,Approved by board,Priority heading,69192770,2025-11-11,122,Loan,Approved,2024-05-16,2024-05-27,1,0,11,919659,28454,High
1256,Maryam Hassan,Female,Widow,1,0,5,3,42,Dubai,Al Khawaneej,208,Dubai South Residences,DSR,Al Khawaneej,0,524,55.4721,25.3051,Pending document allocation,Efficient layout,Phase 1 initiative,Approved with remarks,Open heading case,140299567,2026-03-09,150,Grant,Approved,2024-09-07,2024-09-29,1,0,22,1129391,22342,High
1257,Fatima Khalid,Female,Married,0,0,2,0,61,Dubai,Mirdif,206,Muhaisnah Housing,MH,Mirdif,1,528,55.4226,25.2178,Pending document allocation,Urban tower design,Executive housing initiative,Approved by board,Reviewed by manager,183029371,2025-08-08,281,Grant,Approved,2024-03-10,2024-04-01,1,0,22,1173756,14168,High
1258,Yousef Nasser,Male,Married,0,0,0,0,26,Dubai,Al Aweer,209,Nad Al Sheba Homes,NSH,Al Aweer,1,559,55.4935,25.1412,Large family allocation,Standard design,Phase 1 initiative,Approved with remarks,Needs policy revision,153445468,2025-11-06,278,Grant,Approved,2024-11-09,2024-11-23,1,0,14,777908,12537,High
1259,Abdulla Saeed,Male,Married,0,1,0,0,46,Dubai,Al Warqa,203,Khawaneej Family Homes,KFH,Al Warqa,0,512,55.4261,25.1977,Standard allocation,Modern villa design,Expansion initiative,Pending review,Open heading case,111142733,2025-11-05,125,Grant,In Progress,2024-08-30,,0,0,,1044956,19906,Medium
1260,Sara Ahmed,Female,Married,0,0,3,0,58,Dubai,Al Aweer,202,Al Rawda Villas,Rawda,Al Aweer,0,508,55.5045,25.1715,Social support allocation,Efficient layout,Social initiative,Rejected by policy rule,Open heading case,185821872,2026-06-30,233,Grant,Rejected,2024-02-27,2024-03-23,0,1,25,896095,26442,Low
1261,Salem Rashid,Male,Married,0,0,0,0,30,Dubai,Al Khawaneej,203,Khawaneej Family Homes,KFH,Al Khawaneej,1,502,55.4751,25.2992,Standard allocation,Concept pending,Community support initiative,Approved by board,Reviewed in heading notes,189825967,2026-02-15,297,Grant,Approved,2024-09-20,2024-10-10,1,0,20,641134,20828,High
1262,Abdulla Saeed,Male,Married,0,0,5,5,43,Dubai,Al Warqa,202,Al Rawda Villas,Rawda,Al Warqa,0,548,55.4294,25.1899,Regional demand case,Revised design,Phase 1 initiative,Approved by board,Needs policy revision,191553412,2026-03-24,269,Loan,Approved,2024-03-01,2024-03-19,1,0,18,494576,25112,High
1263,Maryam Hassan,Female,Married,0,0,0,0,31,Dubai,Al Barsha,208,Dubai South Residences,DSR,Al Barsha,0,530,55.2191,25.109,Social support allocation,Efficient layout,Women support initiative,Approved in committee,Needs policy revision,131653769,2025-12-05,222,Loan,Approved,2024-04-12,2024-04-27,1,0,15,1084760,29855,High
1264,Maha Nasser,Female,Married,0,0,0,0,39,Dubai,Muhaisnah,209,Nad Al Sheba Homes,NSH,Muhaisnah,0,545,55.4635,25.2656,Large family allocation,Luxury family layout,Expansion initiative,Deferred for clarification,Open heading case,163952796,2025-11-12,185,Loan,On Hold,2024-04-10,,0,0,,889000,18584,Medium
1265,Fatima Khalid,Female,Married,0,0,3,3,60,Dubai,Al Aweer,203,Khawaneej Family Homes,KFH,Al Aweer,0,512,55.4821,25.1707,Special widow case,Efficient layout,Community support initiative,Approved by board,Reviewed by manager,189139340,2025-08-06,129,Loan,Approved,2024-06-12,2024-06-26,1,0,14,832770,15639,High
1266,Sara Ahmed,Female,Married,0,0,4,2,39,Dubai,Dubai South,202,Al Rawda Villas,Rawda,Dubai South,0,518,55.1429,24.9009,Social support allocation,Standard design,Social initiative,Rejected due to eligibility,Family support case,168656338,2025-10-15,194,Loan,Rejected,2024-11-21,2024-12-14,0,1,23,999591,19979,Low
1267,Maha Nasser,Female,Married,0,0,3,2,46,Dubai,Al Barsha,204,Barsha Residences,BR,Al Barsha,0,553,55.2127,25.0913,Large family allocation,Urban tower design,Women support initiative,Approved with remarks,Needs policy revision,152686411,2026-04-10,268,Loan,Approved,2024-07-14,2024-07-31,1,0,17,1106478,21906,High
1268,Huda Rashid,Female,Widow,1,0,4,4,49,Dubai,Al Warqa,209,Nad Al Sheba Homes,NSH,Al Warqa,0,540,55.4301,25.1854,Social support allocation,Luxury family layout,Affordable housing initiative,Rejected after review,Priority heading,84661270,2025-07-02,142,Loan,Rejected,2024-10-23,2024-11-06,0,1,14,638370,21617,Low
1269,Huda Rashid,Female,Widow,1,0,0,0,52,Dubai,Al Aweer,208,Dubai South Residences,DSR,Al Aweer,0,554,55.5195,25.1517,Social support allocation,Revised design,Affordable housing initiative,Pending review,Needs policy revision,89546886,2026-04-30,123,Loan,In Progress,2024-08-10,,0,0,,1119205,23975,Medium
1270,Noora Ibrahim,Female,Single,0,0,0,0,46,Dubai,Mirdif,204,Barsha Residences,BR,Mirdif,0,559,55.4324,25.2327,Large family allocation,Revised design,Affordable housing initiative,Pending manager review,Reviewed in heading notes,133322129,2026-05-14,157,Loan,In Progress,2024-11-22,,0,0,,751497,23377,Medium
1271,Huda Rashid,Female,Widow,1,0,0,0,25,Dubai,Al Barsha,202,Al Rawda Villas,Rawda,Al Barsha,0,504,55.2143,25.0938,Social support allocation,Concept pending,Social initiative,Approved with remarks,Open heading case,179535976,2026-01-26,302,Loan,Approved,2024-06-16,2024-06-28,1,0,12,1151511,25890,High
1272,Abdulla Saeed,Male,Married,0,1,1,1,43,Dubai,Al Khawaneej,202,Al Rawda Villas,Rawda,Al Khawaneej,0,558,55.4746,25.32,Single parent support,Modern villa design,Community support initiative,Approved in committee,Reviewed by manager,148694576,2026-06-14,131,Grant,Approved,2024-11-18,2024-12-09,1,0,21,955663,22702,High
1273,Omar Khalid,Male,Single,0,0,3,0,43,Dubai,Muhaisnah,207,Mizhar Community Homes,MCH,Muhaisnah,0,543,55.4766,25.2675,Pending document allocation,Modern villa design,Social initiative,On hold pending documents,Reviewed by housing head,109623732,2025-07-11,238,Grant,On Hold,2024-11-15,,0,0,,1110566,13142,Medium
1274,Abdulla Saeed,Male,Married,0,0,4,2,59,Dubai,Al Warqa,209,Nad Al Sheba Homes,NSH,Al Warqa,0,507,55.4185,25.1861,Standard allocation,Efficient layout,Executive housing initiative,Awaiting next committee,Reviewed by manager,126803678,2025-08-15,225,Grant,In Progress,2024-03-19,,0,0,,583579,19867,Medium
1275,Maha Nasser,Female,Married,0,0,3,3,53,Dubai,Al Warqa,203,Khawaneej Family Homes,KFH,Al Warqa,0,524,55.4219,25.1984,Regional demand case,Standard design,Women support initiative,Approved in committee,Reviewed by manager,172052577,2026-06-15,283,Grant,Approved,2024-02-11,2024-02-23,1,0,12,843950,25037,High
1276,Amina Saeed,Female,Married,0,0,1,1,45,Dubai,Al Khawaneej,209,Nad Al Sheba Homes,NSH,Al Khawaneej,0,525,55.4497,25.3103,Pending document allocation,Revised design,Community support initiative,Rejected after review,Reviewed by manager,115401341,2025-06-07,174,Loan,Rejected,2024-10-03,2024-10-18,0,1,15,1099217,31968,Low
1277,Fatima Khalid,Female,Widow,1,0,5,0,56,Dubai,Al Barsha,208,Dubai South Residences,DSR,Al Barsha,0,511,55.2018,25.0947,Special widow case,Modern villa design,Women support initiative,Approved by board,Low-risk heading,185211052,2026-02-22,189,Loan,Approved,2024-04-28,2024-05-22,1,0,24,523360,29487,High
1278,Yousef Nasser,Male,Single,0,0,6,3,62,Dubai,Dubai South,207,Mizhar Community Homes,MCH,Dubai South,0,522,55.1438,24.9055,Special widow case,Concept pending,Phase 1 initiative,Approved in committee,Reviewed by manager,203848093,2025-08-28,310,Grant,Approved,2024-08-03,2024-08-20,1,0,17,573443,15349,High
1279,Abdulla Saeed,Male,Married,0,0,0,0,53,Dubai,Al Mizhar,202,Al Rawda Villas,Rawda,Al Mizhar,0,544,55.434,25.2471,Large family allocation,Modern villa design,Phase 1 initiative,Rejected due to eligibility,Family support case,68610673,2026-04-26,225,Grant,Rejected,2024-02-03,2024-02-19,0,1,16,519226,17533,Low
1280,Sara Ahmed,Female,Married,0,0,3,1,53,Dubai,Dubai South,208,Dubai South Residences,DSR,Dubai South,0,554,55.1659,24.9123,Special widow case,Efficient layout,Women support initiative,Pending manager review,Open heading case,140738943,2026-05-30,210,Loan,In Progress,2024-09-23,,0,0,,909280,12055,Medium
1281,Noora Ibrahim,Female,Widow,1,0,4,4,38,Dubai,Muhaisnah,208,Dubai South Residences,DSR,Muhaisnah,0,521,55.4771,25.2781,Single parent support,Concept pending,Executive housing initiative,Approved with remarks,Priority heading,176716729,2026-03-20,194,Grant,Approved,2024-04-02,2024-04-23,1,0,21,476330,31160,High
1282,Huda Rashid,Female,Married,0,0,1,0,50,Dubai,Al Barsha,205,Jumeirah Villas,JV,Al Barsha,0,545,55.214,25.0992,Social support allocation,Standard design,Women support initiative,Deferred for clarification,Reviewed in heading notes,151296642,2025-09-24,279,Loan,On Hold,2024-07-26,,0,0,,1155696,19990,Medium
1283,Sara Ahmed,Female,Widow,1,0,5,1,32,Dubai,Nad Al Sheba,206,Muhaisnah Housing,MH,Nad Al Sheba,0,529,55.308,25.1561,Standard allocation,Modern villa design,Affordable housing initiative,Pending manager review,Family support case,74423094,2025-09-30,195,Loan,In Progress,2024-01-12,,0,0,,862779,19948,Medium
1284,Sara Ahmed,Female,Divorced,0,0,1,0,58,Dubai,Muhaisnah,209,Nad Al Sheba Homes,NSH,Muhaisnah,0,523,55.4654,25.2566,Regional demand case,Revised design,Phase 1 initiative,Approved by board,Low-risk heading,109708809,2026-03-08,147,Grant,Approved,2024-01-06,2024-01-20,1,0,14,1044721,27042,High
1285,Sara Ahmed,Female,Married,0,0,6,1,26,Dubai,Al Khawaneej,205,Jumeirah Villas,JV,Al Khawaneej,1,548,55.4604,25.308,Large family allocation,Luxury family layout,Affordable housing initiative,Approved by board,Open heading case,175006408,2025-11-27,214,Loan,Approved,2024-03-22,2024-04-12,1,0,21,1067765,28197,High
1286,Sara Ahmed,Female,Widow,1,0,1,0,46,Dubai,Mirdif,204,Barsha Residences,BR,Mirdif,0,546,55.4295,25.2072,Standard allocation,Standard design,Expansion initiative,Approved in committee,Low-risk heading,94326386,2025-10-31,205,Grant,Approved,2024-05-08,2024-05-29,1,0,21,509509,21638,High
1287,Salem Rashid,Male,Married,0,0,0,0,26,Dubai,Al Aweer,205,Jumeirah Villas,JV,Al Aweer,0,530,55.515,25.1587,Regional demand case,Compact design,Affordable housing initiative,Rejected by policy rule,Escalated case,212099815,2026-01-30,251,Grant,Rejected,2024-02-01,2024-02-24,0,1,23,1124227,19360,Low
1288,Abdulla Saeed,Male,Single,0,0,3,3,35,Dubai,Al Barsha,203,Khawaneej Family Homes,KFH,Al Barsha,0,507,55.197,25.1241,Social support allocation,Standard design,Community support initiative,Approved by board,Reviewed by manager,197680855,2026-04-24,150,Loan,Approved,2024-01-24,2024-02-03,1,0,10,939491,17065,High
1289,Yousef Nasser,Male,Single,0,0,5,5,32,Dubai,Al Barsha,201,Al Noor Housing Project,Noor,Al Barsha,0,547,55.214,25.1021,Special widow case,Urban tower design,Women support initiative,Rejected due to eligibility,Escalated case,181517914,2026-07-16,205,Loan,Rejected,2024-01-24,2024-02-12,0,1,19,967904,16646,Low
1290,Noora Ibrahim,Female,Married,0,0,5,5,34,Dubai,Nad Al Sheba,209,Nad Al Sheba Homes,NSH,Nad Al Sheba,0,507,55.3397,25.1518,Special widow case,Modern villa design,Expansion initiative,Rejected after review,Priority heading,207553219,2026-05-05,179,Loan,Rejected,2024-10-05,2024-10-22,0,1,17,1039549,27635,Low
1291,Amina Saeed,Female,Married,0,0,0,0,52,Dubai,Nad Al Sheba,203,Khawaneej Family Homes,KFH,Nad Al Sheba,0,505,55.3323,25.1812,Special widow case,Concept pending,Community support initiative,Approved in committee,Escalated case,120384023,2026-06-12,256,Loan,Approved,2024-05-22,2024-06-06,1,0,15,749546,15143,High
1292,Hamad Ali,Male,Married,0,1,0,0,55,Dubai,Al Warqa,203,Khawaneej Family Homes,KFH,Al Warqa,0,537,55.4269,25.2003,Social support allocation,Urban tower design,Phase 1 initiative,Approved in committee,Low-risk heading,195172171,2026-02-10,290,Grant,Approved,2024-11-21,2024-12-05,1,0,14,737754,22304,High
1293,Majid Hassan,Male,Married,0,1,2,2,48,Dubai,Dubai South,210,Al Aweer Villas,AAV,Dubai South,0,525,55.1767,24.8866,Priority family housing,Urban tower design,Women support initiative,Approved quickly,Escalated case,198854346,2026-07-26,196,Loan,Approved,2024-10-02,2024-10-25,1,0,23,494093,28764,High
1294,Abdulla Saeed,Male,Married,0,1,4,3,31,Dubai,Al Aweer,210,Al Aweer Villas,AAV,Al Aweer,0,556,55.5168,25.1465,Pending document allocation,Revised design,Social initiative,Approved with remarks,Reviewed by housing head,117816079,2026-05-09,152,Grant,Approved,2024-03-03,2024-03-22,1,0,19,939128,28649,High
1295,Khaled Omar,Male,Married,0,1,2,0,58,Dubai,Al Khawaneej,210,Al Aweer Villas,AAV,Al Khawaneej,0,525,55.4678,25.2925,Regional demand case,Revised design,Social initiative,Pending manager review,Low-risk heading,97697490,2026-06-08,227,Grant,In Progress,2024-06-19,,0,0,,1076765,14899,Medium
1296,Ahmed Ali,Male,Single,0,0,2,1,42,Dubai,Al Warqa,210,Al Aweer Villas,AAV,Al Warqa,0,517,55.4048,25.209,Regional demand case,Modern villa design,Phase 1 initiative,Approved by board,Low-risk heading,79664457,2026-02-15,260,Grant,Approved,2024-09-13,2024-09-24,1,0,11,1066582,28575,High
1297,Omar Khalid,Male,Married,0,0,2,2,35,Dubai,Muhaisnah,203,Khawaneej Family Homes,KFH,Muhaisnah,0,550,55.4468,25.2674,Social support allocation,Standard design,Phase 1 initiative,Approved quickly,Needs policy revision,76512718,2026-05-20,272,Grant,Approved,2024-05-27,2024-06-20,1,0,24,1117569,31447,High
1298,Majid Hassan,Male,Married,0,1,5,0,45,Dubai,Al Warqa,206,Muhaisnah Housing,MH,Al Warqa,1,517,55.4146,25.2103,Standard allocation,Compact design,Expansion initiative,Awaiting next committee,Priority heading,107181265,2026-05-21,173,Loan,In Progress,2024-08-26,,0,0,,1063662,12851,Medium
1299,Khaled Omar,Male,Married,0,0,4,1,44,Dubai,Nad Al Sheba,202,Al Rawda Villas,Rawda,Nad Al Sheba,0,549,55.3247,25.1661,Pending document allocation,Efficient layout,Affordable housing initiative,Rejected by policy rule,Escalated case,206973603,2025-07-10,294,Loan,Rejected,2024-07-02,2024-07-28,0,1,26,959363,17021,Low
1300,Omar Khalid,Male,Married,0,1,2,2,51,Dubai,Nad Al Sheba,210,Al Aweer Villas,AAV,Nad Al Sheba,0,518,55.3121,25.178,Fast-track request,Urban tower design,Affordable housing initiative,Rejected after review,Reviewed in heading notes,95224476,2026-04-16,195,Loan,Rejected,2024-04-29,2024-05-15,0,1,16,642106,30064,Low
1301,Maha Nasser,Female,Married,0,0,6,5,25,Dubai,Al Warqa,210,Al Aweer Villas,AAV,Al Warqa,0,547,55.4029,25.2187,Large family allocation,Luxury family layout,Phase 1 initiative,Approved with remarks,Needs policy revision,200955177,2026-05-03,171,Grant,Approved,2024-01-07,2024-01-31,1,0,24,680611,23371,High
1302,Salem Rashid,Male,Married,0,1,1,1,34,Dubai,Muhaisnah,207,Mizhar Community Homes,MCH,Muhaisnah,0,529,55.4615,25.2498,Special widow case,Luxury family layout,Women support initiative,Awaiting next review,Reviewed in heading notes,94862201,2025-08-20,251,Grant,On Hold,2024-10-30,,0,0,,940849,12909,Medium
1303,Noora Ibrahim,Female,Widow,1,0,2,0,50,Dubai,Dubai South,210,Al Aweer Villas,AAV,Dubai South,0,523,55.1735,24.902,Special widow case,Efficient layout,Phase 1 initiative,Approved in committee,Low-risk heading,196200740,2026-05-30,267,Grant,Approved,2024-03-06,2024-03-29,1,0,23,1193407,26740,High
1304,Noora Ibrahim,Female,Married,0,0,0,0,44,Dubai,Dubai South,206,Muhaisnah Housing,MH,Dubai South,0,552,55.1746,24.8914,Pending document allocation,Efficient layout,Affordable housing initiative,Deferred for clarification,Escalated case,154192157,2026-03-11,163,Grant,On Hold,2024-10-29,,0,0,,969569,19820,Medium
1305,Hamad Ali,Male,Married,0,1,0,0,36,Dubai,Muhaisnah,203,Khawaneej Family Homes,KFH,Muhaisnah,0,523,55.4774,25.2881,Fast-track request,Efficient layout,Social initiative,Rejected by policy rule,Reviewed by manager,83797522,2026-01-28,210,Loan,Rejected,2024-05-08,2024-05-30,0,1,22,995489,25038,Low
1306,Huda Rashid,Female,Widow,1,0,2,2,58,Dubai,Dubai South,207,Mizhar Community Homes,MCH,Dubai South,0,514,55.1505,24.9063,Priority family housing,Compact design,Expansion initiative,Approved with remarks,Escalated case,205391951,2025-11-07,186,Loan,Approved,2024-04-21,2024-05-01,1,0,10,479490,30326,High
1307,Salem Rashid,Male,Married,0,1,2,1,51,Dubai,Al Barsha,210,Al Aweer Villas,AAV,Al Barsha,0,538,55.218,25.0904,Pending document allocation,Revised design,Phase 1 initiative,Pending manager review,Reviewed by housing head,205550560,2026-06-10,268,Loan,In Progress,2024-10-05,,0,0,,1175447,25857,Medium
1308,Salem Rashid,Male,Married,0,1,0,0,41,Dubai,Al Aweer,203,Khawaneej Family Homes,KFH,Al Aweer,0,532,55.4953,25.1594,Social support allocation,Compact design,Community support initiative,Pending manager review,Family support case,120532714,2025-08-24,271,Loan,In Progress,2024-09-28,,0,0,,763906,21802,Medium
1309,Hamad Ali,Male,Married,0,1,1,0,56,Dubai,Dubai South,203,Khawaneej Family Homes,KFH,Dubai South,0,514,55.1705,24.9131,Pending document allocation,Standard design,Expansion initiative,Approved with remarks,Open heading case,80984586,2026-05-07,230,Grant,Approved,2024-10-05,2024-10-16,1,0,11,1013553,18203,High
1310,Majid Hassan,Male,Married,0,0,5,4,35,Dubai,Nad Al Sheba,208,Dubai South Residences,DSR,Nad Al Sheba,0,540,55.3254,25.1482,Priority family housing,Urban tower design,Affordable housing initiative,Approved with remarks,Open heading case,143352580,2025-06-19,229,Grant,Approved,2024-02-20,2024-03-06,1,0,15,856054,21296,High
1311,Abdulla Saeed,Male,Married,0,1,2,1,41,Dubai,Al Aweer,201,Al Noor Housing Project,Noor,Al Aweer,0,520,55.5178,25.1527,Fast-track request,Urban tower design,Executive housing initiative,Rejected due to eligibility,Needs policy revision,78923162,2026-02-27,191,Grant,Rejected,2024-10-29,2024-11-25,0,1,27,1061116,21517,Low
1312,Noora Ibrahim,Female,Widow,1,0,1,1,59,Dubai,Al Khawaneej,208,Dubai South Residences,DSR,Al Khawaneej,0,521,55.4549,25.3152,Priority family housing,Compact design,Phase 1 initiative,Approved with remarks,Reviewed by housing head,98833284,2025-08-22,120,Loan,Approved,2024-05-05,2024-05-19,1,0,14,1126780,15303,High
1313,Abdulla Saeed,Male,Married,0,1,0,0,39,Dubai,Nad Al Sheba,205,Jumeirah Villas,JV,Nad Al Sheba,0,525,55.3318,25.1702,Large family allocation,Standard design,Affordable housing initiative,Approved quickly,Reviewed in heading notes,173781636,2026-01-17,189,Loan,Approved,2024-06-08,2024-06-22,1,0,14,463915,12507,High
1314,Salem Rashid,Male,Married,0,1,4,4,55,Dubai,Dubai South,201,Al Noor Housing Project,Noor,Dubai South,1,520,55.1444,24.8826,Single parent support,Modern villa design,Women support initiative,On hold pending documents,Reviewed by housing head,173854958,2026-07-14,247,Loan,On Hold,2024-03-07,,0,0,,758495,14717,Medium
1315,Huda Rashid,Female,Widow,1,0,4,1,43,Dubai,Mirdif,208,Dubai South Residences,DSR,Mirdif,0,557,55.4466,25.2066,Pending document allocation,Efficient layout,Social initiative,Pending manager review,Reviewed by housing head,159747611,2026-05-20,310,Grant,In Progress,2024-11-16,,0,0,,795849,26076,Medium
1316,Maha Nasser,Female,Married,0,0,0,0,25,Dubai,Dubai South,205,Jumeirah Villas,JV,Dubai South,1,534,55.1772,24.915,Pending document allocation,Compact design,Executive housing initiative,Pending review,Reviewed by housing head,81678695,2026-04-16,148,Grant,In Progress,2024-03-21,,0,0,,978183,17723,Medium
1317,Maryam Hassan,Female,Divorced,0,0,0,0,54,Dubai,Al Khawaneej,208,Dubai South Residences,DSR,Al Khawaneej,0,522,55.4667,25.3014,Large family allocation,Luxury family layout,Community support initiative,Pending review,Priority heading,137074130,2026-05-21,233,Grant,In Progress,2024-05-18,,0,0,,656618,14491,Medium
1318,Maha Nasser,Female,Married,0,0,1,0,57,Dubai,Jumeirah,208,Dubai South Residences,DSR,Jumeirah,0,556,55.2373,25.2078,Special widow case,Revised design,Phase 1 initiative,Approved with remarks,Needs policy revision,151943210,2025-06-21,248,Loan,Approved,2024-05-30,2024-06-12,1,0,13,940408,18453,High
1319,Latifa Omar,Female,Widow,1,0,1,0,58,Dubai,Al Mizhar,205,Jumeirah Villas,JV,Al Mizhar,0,533,55.4589,25.2622,Standard allocation,Revised design,Social initiative,Approved with remarks,Reviewed by manager,131278017,2025-10-13,156,Loan,Approved,2024-10-31,2024-11-10,1,0,10,547487,30224,High
1320,Hamad Ali,Male,Married,0,0,5,5,48,Dubai,Jumeirah,205,Jumeirah Villas,JV,Jumeirah,0,529,55.2298,25.2102,Standard allocation,Standard design,Affordable housing initiative,Approved in committee,Family support case,173195947,2025-10-16,201,Grant,Approved,2024-07-23,2024-08-07,1,0,15,1082802,30122,High
1321,Khaled Omar,Male,Married,0,0,5,5,48,Dubai,Mirdif,203,Khawaneej Family Homes,KFH,Mirdif,0,502,55.4206,25.2304,Large family allocation,Concept pending,Expansion initiative,Awaiting next committee,Needs policy revision,156257496,2026-05-15,231,Grant,In Progress,2024-07-22,,0,0,,1187981,21171,Medium
1322,Noora Ibrahim,Female,Widow,1,0,1,0,41,Dubai,Al Khawaneej,206,Muhaisnah Housing,MH,Al Khawaneej,1,503,55.4483,25.3095,Special widow case,Efficient layout,Affordable housing initiative,Approved by board,Priority heading,77539357,2025-12-26,287,Grant,Approved,2024-01-20,2024-02-09,1,0,20,647047,31824,High
1323,Maryam Hassan,Female,Married,0,0,4,2,34,Dubai,Nad Al Sheba,209,Nad Al Sheba Homes,NSH,Nad Al Sheba,0,541,55.3276,25.1631,Single parent support,Revised design,Social initiative,Approved with remarks,Reviewed by manager,119551091,2025-10-10,130,Loan,Approved,2024-06-15,2024-06-29,1,0,14,565243,20350,High
1324,Maryam Hassan,Female,Widow,1,0,3,2,26,Dubai,Nad Al Sheba,207,Mizhar Community Homes,MCH,Nad Al Sheba,0,502,55.3391,25.1457,Special widow case,Compact design,Women support initiative,Approved quickly,Priority heading,165809121,2025-12-27,315,Grant,Approved,2024-03-22,2024-04-13,1,0,22,739363,29446,High
1325,Maha Nasser,Female,Single,0,0,3,3,25,Dubai,Jumeirah,204,Barsha Residences,BR,Jumeirah,1,528,55.2524,25.2147,Social support allocation,Efficient layout,Community support initiative,Approved by board,Reviewed by manager,147865314,2026-07-22,152,Loan,Approved,2024-05-16,2024-06-06,1,0,21,646525,21815,High
1326,Majid Hassan,Male,Divorced,0,0,4,3,38,Dubai,Dubai South,205,Jumeirah Villas,JV,Dubai South,0,501,55.1464,24.9052,Fast-track request,Efficient layout,Executive housing initiative,Deferred for clarification,Priority heading,197730416,2026-05-14,167,Grant,On Hold,2024-10-06,,0,0,,599948,22150,Medium
1327,Amina Saeed,Female,Married,0,0,2,1,30,Dubai,Muhaisnah,207,Mizhar Community Homes,MCH,Muhaisnah,0,516,55.4434,25.2547,Regional demand case,Luxury family layout,Expansion initiative,Approved quickly,Priority heading,100327472,2026-02-26,309,Loan,Approved,2024-07-27,2024-08-17,1,0,21,1058680,17250,High
1328,Majid Hassan,Male,Married,0,1,2,0,42,Dubai,Mirdif,203,Khawaneej Family Homes,KFH,Mirdif,0,547,55.4334,25.2058,Priority family housing,Compact design,Phase 1 initiative,Approved with remarks,Priority heading,113857364,2025-07-19,273,Loan,Approved,2024-08-07,2024-08-30,1,0,23,591153,27828,High
1329,Noora Ibrahim,Female,Widow,1,0,1,0,24,Dubai,Dubai South,204,Barsha Residences,BR,Dubai South,0,528,55.1443,24.9084,Social support allocation,Revised design,Community support initiative,Approved with remarks,Low-risk heading,169674604,2025-11-25,176,Grant,Approved,2024-07-25,2024-08-12,1,0,18,1033974,22423,High
1330,Ahmed Ali,Male,Single,0,0,4,3,61,Dubai,Al Barsha,207,Mizhar Community Homes,MCH,Al Barsha,0,556,55.1849,25.1063,Single parent support,Compact design,Phase 1 initiative,Approved quickly,Reviewed by housing head,169090905,2025-07-31,174,Loan,Approved,2024-09-18,2024-10-02,1,0,14,1194447,27793,High
1331,Abdulla Saeed,Male,Single,0,0,1,1,29,Dubai,Mirdif,208,Dubai South Residences,DSR,Mirdif,0,526,55.4518,25.2276,Standard allocation,Compact design,Affordable housing initiative,Approved quickly,Priority heading,176806449,2026-05-04,217,Grant,Approved,2024-06-02,2024-06-17,1,0,15,1162751,23551,High
1332,Ahmed Ali,Male,Single,0,0,0,0,39,Dubai,Al Khawaneej,205,Jumeirah Villas,JV,Al Khawaneej,0,554,55.4652,25.3249,Social support allocation,Modern villa design,Women support initiative,Approved in committee,Needs policy revision,156039528,2026-02-13,199,Loan,Approved,2024-09-07,2024-09-20,1,0,13,667647,18601,High
1333,Sara Ahmed,Female,Married,0,0,3,0,59,Dubai,Al Mizhar,209,Nad Al Sheba Homes,NSH,Al Mizhar,0,505,55.4389,25.2376,Regional demand case,Luxury family layout,Executive housing initiative,Awaiting next review,Low-risk heading,80627299,2025-07-01,242,Loan,On Hold,2024-03-27,,0,0,,561104,30273,Medium
1334,Hamad Ali,Male,Single,0,0,5,0,29,Dubai,Al Aweer,207,Mizhar Community Homes,MCH,Al Aweer,0,541,55.5051,25.1408,Fast-track request,Concept pending,Affordable housing initiative,Rejected after review,Low-risk heading,178907386,2025-06-07,208,Loan,Rejected,2024-10-04,2024-10-19,0,1,15,922197,13106,Low
1335,Khaled Omar,Male,Married,0,0,0,0,44,Dubai,Al Aweer,203,Khawaneej Family Homes,KFH,Al Aweer,1,525,55.4923,25.1727,Fast-track request,Efficient layout,Affordable housing initiative,Approved quickly,Escalated case,199347205,2025-11-05,201,Grant,Approved,2024-10-20,2024-11-02,1,0,13,831679,28816,High
1336,Noora Ibrahim,Female,Married,0,0,0,0,32,Dubai,Dubai South,203,Khawaneej Family Homes,KFH,Dubai South,0,511,55.1732,24.9115,Regional demand case,Modern villa design,Social initiative,Rejected after review,Reviewed in heading notes,73541290,2026-04-07,317,Grant,Rejected,2024-11-20,2024-12-13,0,1,23,914664,26300,Low
1337,Noora Ibrahim,Female,Widow,1,0,3,1,33,Dubai,Dubai South,204,Barsha Residences,BR,Dubai South,0,506,55.1457,24.8994,Large family allocation,Efficient layout,Community support initiative,Approved by board,Family support case,115259221,2025-10-10,301,Grant,Approved,2024-03-21,2024-04-06,1,0,16,564787,16785,High
1338,Maryam Hassan,Female,Married,0,0,3,2,42,Dubai,Jumeirah,204,Barsha Residences,BR,Jumeirah,0,537,55.2228,25.1855,Large family allocation,Urban tower design,Affordable housing initiative,Approved by board,Reviewed in heading notes,211303165,2025-07-20,262,Loan,Approved,2024-02-14,2024-03-07,1,0,22,841307,23553,High
1339,Khaled Omar,Male,Divorced,0,0,7,4,39,Dubai,Muhaisnah,203,Khawaneej Family Homes,KFH,Muhaisnah,0,512,55.44,25.271,Social support allocation,Standard design,Women support initiative,Rejected due to eligibility,Reviewed by housing head,152877196,2025-08-23,253,Grant,Rejected,2024-11-20,2024-12-09,0,1,19,769995,12695,Low
1340,Khaled Omar,Male,Married,0,0,0,0,58,Dubai,Al Khawaneej,207,Mizhar Community Homes,MCH,Al Khawaneej,0,515,55.4567,25.318,Regional demand case,Standard design,Phase 1 initiative,Approved quickly,Low-risk heading,101349673,2025-08-06,241,Loan,Approved,2024-07-05,2024-07-23,1,0,18,1120392,24124,High
1341,Noora Ibrahim,Female,Married,0,0,3,1,59,Dubai,Al Aweer,209,Nad Al Sheba Homes,NSH,Al Aweer,0,522,55.487,25.1761,Single parent support,Standard design,Phase 1 initiative,Pending manager review,Escalated case,106299726,2025-06-16,193,Loan,In Progress,2024-08-04,,0,0,,669674,22115,Medium
1342,Huda Rashid,Female,Single,0,0,4,4,36,Dubai,Nad Al Sheba,206,Muhaisnah Housing,MH,Nad Al Sheba,0,520,55.3283,25.1494,Large family allocation,Concept pending,Phase 1 initiative,Approved by board,Escalated case,115422352,2026-04-16,240,Loan,Approved,2024-11-07,2024-12-01,1,0,24,779547,20649,High
1343,Salem Rashid,Male,Married,0,1,2,1,29,Dubai,Nad Al Sheba,202,Al Rawda Villas,Rawda,Nad Al Sheba,0,557,55.3222,25.1501,Single parent support,Standard design,Community support initiative,Pending manager review,Family support case,84464100,2026-02-27,245,Grant,In Progress,2024-11-19,,0,0,,752494,15958,Medium
1344,Khaled Omar,Male,Single,0,0,5,2,45,Dubai,Muhaisnah,202,Al Rawda Villas,Rawda,Muhaisnah,0,546,55.4563,25.2691,Special widow case,Concept pending,Phase 1 initiative,Approved in committee,Reviewed by manager,125031351,2025-08-28,193,Loan,Approved,2024-06-27,2024-07-09,1,0,12,696691,28396,High
1345,Omar Khalid,Male,Married,0,1,3,2,24,Dubai,Dubai South,208,Dubai South Residences,DSR,Dubai South,0,552,55.1707,24.8857,Special widow case,Luxury family layout,Social initiative,Approved quickly,Reviewed by housing head,176621141,2025-08-09,255,Grant,Approved,2024-05-27,2024-06-18,1,0,22,870872,16097,High
1346,Amina Saeed,Female,Widow,1,0,3,3,41,Dubai,Muhaisnah,202,Al Rawda Villas,Rawda,Muhaisnah,0,525,55.4527,25.2815,Single parent support,Modern villa design,Women support initiative,Rejected after review,Open heading case,214013227,2026-03-26,181,Grant,Rejected,2024-05-08,2024-05-26,0,1,18,1021876,26275,Low
1347,Latifa Omar,Female,Married,0,0,4,4,61,Dubai,Al Barsha,206,Muhaisnah Housing,MH,Al Barsha,0,510,55.1977,25.1227,Single parent support,Standard design,Expansion initiative,Rejected after review,Family support case,75895328,2026-01-07,128,Loan,Rejected,2024-01-13,2024-02-08,0,1,26,547981,27405,Low
1348,Noora Ibrahim,Female,Widow,1,0,1,0,54,Dubai,Al Warqa,210,Al Aweer Villas,AAV,Al Warqa,0,552,55.4162,25.1858,Priority family housing,Revised design,Phase 1 initiative,Approved by board,Family support case,160745875,2025-08-10,224,Grant,Approved,2024-04-02,2024-04-12,1,0,10,480918,26397,High
1349,Yousef Nasser,Male,Divorced,0,0,5,5,51,Dubai,Al Warqa,210,Al Aweer Villas,AAV,Al Warqa,1,532,55.419,25.1958,Social support allocation,Compact design,Affordable housing initiative,Approved by board,Escalated case,87055827,2026-04-26,257,Loan,Approved,2024-05-23,2024-06-11,1,0,19,814500,23754,High
1350,Sara Ahmed,Female,Married,0,0,4,0,44,Dubai,Al Khawaneej,202,Al Rawda Villas,Rawda,Al Khawaneej,0,542,55.4725,25.2902,Large family allocation,Standard design,Expansion initiative,Rejected due to eligibility,Reviewed in heading notes,86330312,2025-08-06,187,Grant,Rejected,2024-03-05,2024-04-02,0,1,28,999967,15749,Low
1351,Latifa Omar,Female,Single,0,0,0,0,38,Dubai,Dubai South,203,Khawaneej Family Homes,KFH,Dubai South,0,517,55.1699,24.8887,Standard allocation,Efficient layout,Affordable housing initiative,Approved in committee,Reviewed in heading notes,81465952,2025-06-24,281,Loan,Approved,2024-09-11,2024-09-28,1,0,17,1107036,30002,High
1352,Latifa Omar,Female,Widow,1,0,1,0,49,Dubai,Dubai South,209,Nad Al Sheba Homes,NSH,Dubai South,0,544,55.1639,24.9067,Social support allocation,Modern villa design,Community support initiative,Approved by board,Low-risk heading,155279069,2026-01-01,131,Loan,Approved,2024-05-05,2024-05-19,1,0,14,1195912,28155,High
1353,Hamad Ali,Male,Married,0,1,3,1,49,Dubai,Nad Al Sheba,205,Jumeirah Villas,JV,Nad Al Sheba,1,544,55.3211,25.1507,Pending document allocation,Compact design,Phase 1 initiative,Approved with remarks,Needs policy revision,181079994,2026-01-30,248,Loan,Approved,2024-09-26,2024-10-19,1,0,23,985886,19914,High
1354,Abdulla Saeed,Male,Married,0,1,3,2,35,Dubai,Al Barsha,209,Nad Al Sheba Homes,NSH,Al Barsha,0,507,55.196,25.1215,Regional demand case,Efficient layout,Social initiative,Approved by board,Priority heading,72080519,2025-06-22,202,Grant,Approved,2024-02-25,2024-03-20,1,0,24,561705,29389,High
1355,Yousef Nasser,Male,Married,0,1,3,2,52,Dubai,Nad Al Sheba,201,Al Noor Housing Project,Noor,Nad Al Sheba,0,518,55.3028,25.1658,Priority family housing,Concept pending,Affordable housing initiative,Rejected due to eligibility,Priority heading,173506600,2025-07-24,302,Loan,Rejected,2024-08-20,2024-09-08,0,1,19,811167,24044,Low
1356,Hamad Ali,Male,Divorced,0,0,5,5,25,Dubai,Al Khawaneej,206,Muhaisnah Housing,MH,Al Khawaneej,0,547,55.4432,25.3177,Special widow case,Luxury family layout,Community support initiative,Rejected after review,Low-risk heading,186768885,2026-02-05,126,Loan,Rejected,2024-01-14,2024-02-02,0,1,19,1178481,15770,Low
1357,Yousef Nasser,Male,Divorced,0,0,6,1,47,Dubai,Mirdif,205,Jumeirah Villas,JV,Mirdif,0,537,55.4452,25.2094,Pending document allocation,Urban tower design,Executive housing initiative,Rejected after review,Priority heading,69633832,2026-01-05,292,Loan,Rejected,2024-07-22,2024-08-16,0,1,25,1108786,12378,Low
1358,Huda Rashid,Female,Married,0,0,2,0,37,Dubai,Al Warqa,205,Jumeirah Villas,JV,Al Warqa,0,549,55.4047,25.2054,Single parent support,Standard design,Affordable housing initiative,Approved in committee,Reviewed by manager,210858605,2026-06-26,309,Loan,Approved,2024-07-17,2024-07-27,1,0,10,1161974,27801,High
1359,Maha Nasser,Female,Single,0,0,1,0,27,Dubai,Al Mizhar,203,Khawaneej Family Homes,KFH,Al Mizhar,0,526,55.4357,25.2541,Regional demand case,Compact design,Women support initiative,Approved with remarks,Priority heading,84278698,2026-07-01,282,Loan,Approved,2024-03-19,2024-04-11,1,0,23,1055036,29113,High
1360,Salem Rashid,Male,Married,0,1,3,1,30,Dubai,Nad Al Sheba,208,Dubai South Residences,DSR,Nad Al Sheba,0,542,55.3299,25.1685,Large family allocation,Luxury family layout,Community support initiative,Approved in committee,Open heading case,145098611,2026-03-25,199,Grant,Approved,2024-04-02,2024-04-26,1,0,24,782582,15174,High
1361,Latifa Omar,Female,Married,0,0,1,1,34,Dubai,Muhaisnah,202,Al Rawda Villas,Rawda,Muhaisnah,0,535,55.4422,25.266,Regional demand case,Luxury family layout,Phase 1 initiative,Approved quickly,Needs policy revision,145812176,2025-10-25,308,Grant,Approved,2024-08-09,2024-08-29,1,0,20,563410,29704,High
1362,Noora Ibrahim,Female,Married,0,0,3,2,32,Dubai,Al Barsha,201,Al Noor Housing Project,Noor,Al Barsha,0,510,55.1951,25.0907,Social support allocation,Standard design,Expansion initiative,Approved quickly,Low-risk heading,183610619,2026-04-10,172,Grant,Approved,2024-07-23,2024-08-04,1,0,12,484871,12681,High
1363,Latifa Omar,Female,Married,0,0,3,1,47,Dubai,Muhaisnah,207,Mizhar Community Homes,MCH,Muhaisnah,0,502,55.4651,25.27,Priority family housing,Compact design,Community support initiative,Approved quickly,Escalated case,72815953,2025-07-15,275,Loan,Approved,2024-07-27,2024-08-17,1,0,21,724570,24168,High
1364,Latifa Omar,Female,Married,0,0,3,3,36,Dubai,Al Khawaneej,208,Dubai South Residences,DSR,Al Khawaneej,0,554,55.4689,25.3191,Large family allocation,Modern villa design,Executive housing initiative,Rejected due to eligibility,Reviewed by housing head,168810203,2026-06-23,161,Loan,Rejected,2024-07-09,2024-07-30,0,1,21,522037,28740,Low
1365,Maryam Hassan,Female,Widow,1,0,6,2,49,Dubai,Al Khawaneej,209,Nad Al Sheba Homes,NSH,Al Khawaneej,1,539,55.4438,25.3103,Special widow case,Compact design,Affordable housing initiative,Rejected after review,Family support case,75046581,2026-02-26,240,Grant,Rejected,2024-09-11,2024-09-27,0,1,16,887007,31541,Low
1366,Fatima Khalid,Female,Widow,1,0,0,0,49,Dubai,Al Warqa,206,Muhaisnah Housing,MH,Al Warqa,0,558,55.4163,25.195,Priority family housing,Luxury family layout,Phase 1 initiative,Approved by board,Reviewed in heading notes,86561380,2026-04-13,182,Grant,Approved,2024-10-24,2024-11-04,1,0,11,723176,25342,High
1367,Omar Khalid,Male,Married,0,1,10,9,43,Dubai,Jumeirah,201,Al Noor Housing Project,Noor,Jumeirah,0,531,55.2509,25.2165,Priority family housing,Concept pending,Executive housing initiative,Approved quickly,Reviewed by housing head,128957633,2026-01-30,274,Grant,Approved,2024-11-07,2024-11-30,1,0,23,642300,19512,High
1368,Omar Khalid,Male,Married,0,1,3,0,29,Dubai,Al Barsha,209,Nad Al Sheba Homes,NSH,Al Barsha,0,518,55.1804,25.1099,Priority family housing,Concept pending,Phase 1 initiative,Rejected due to eligibility,Reviewed by housing head,99776168,2025-10-06,123,Grant,Rejected,2024-03-26,2024-04-17,0,1,22,1125038,25203,Low
1369,Latifa Omar,Female,Divorced,0,0,2,2,47,Dubai,Al Mizhar,203,Khawaneej Family Homes,KFH,Al Mizhar,1,526,55.4518,25.2561,Priority family housing,Standard design,Community support initiative,Approved in committee,Family support case,171213855,2025-11-27,248,Grant,Approved,2024-02-06,2024-02-25,1,0,19,595943,13123,High
1370,Yousef Nasser,Male,Married,0,1,0,0,32,Dubai,Al Aweer,208,Dubai South Residences,DSR,Al Aweer,0,548,55.5045,25.1577,Social support allocation,Revised design,Expansion initiative,Approved in committee,Reviewed by housing head,96547128,2026-04-11,276,Loan,Approved,2024-09-05,2024-09-27,1,0,22,892190,29996,High
1371,Maha Nasser,Female,Widow,1,0,1,1,61,Dubai,Jumeirah,209,Nad Al Sheba Homes,NSH,Jumeirah,0,559,55.2503,25.1914,Regional demand case,Standard design,Community support initiative,Rejected after review,Reviewed in heading notes,189671229,2025-06-04,273,Grant,Rejected,2024-01-25,2024-02-10,0,1,16,726568,26538,Low
1372,Amina Saeed,Female,Married,0,0,3,2,24,Dubai,Dubai South,210,Al Aweer Villas,AAV,Dubai South,0,553,55.159,24.8849,Social support allocation,Standard design,Women support initiative,Approved by board,Escalated case,78610701,2026-02-09,177,Grant,Approved,2024-07-13,2024-07-26,1,0,13,699243,26189,High
1373,Omar Khalid,Male,Married,0,1,3,2,56,Dubai,Dubai South,204,Barsha Residences,BR,Dubai South,0,509,55.1526,24.8965,Special widow case,Compact design,Phase 1 initiative,Approved quickly,Escalated case,101963327,2026-05-23,155,Grant,Approved,2024-01-18,2024-02-07,1,0,20,880657,21216,High
1374,Maryam Hassan,Female,Single,0,0,3,3,61,Dubai,Jumeirah,201,Al Noor Housing Project,Noor,Jumeirah,0,540,55.248,25.2092,Social support allocation,Standard design,Women support initiative,Rejected due to eligibility,Needs policy revision,193918952,2025-07-22,188,Loan,Rejected,2024-04-17,2024-05-14,0,1,27,1171661,27920,Low
1375,Yousef Nasser,Male,Single,0,0,1,0,27,Dubai,Al Barsha,204,Barsha Residences,BR,Al Barsha,0,506,55.1938,25.1237,Large family allocation,Compact design,Women support initiative,Approved in committee,Reviewed by housing head,219298665,2025-11-10,264,Grant,Approved,2024-06-06,2024-06-16,1,0,10,986352,12584,High
1376,Maryam Hassan,Female,Married,0,0,6,3,51,Dubai,Al Aweer,207,Mizhar Community Homes,MCH,Al Aweer,0,545,55.4933,25.1581,Pending document allocation,Concept pending,Executive housing initiative,Rejected by policy rule,Reviewed by housing head,209137329,2026-01-29,186,Grant,Rejected,2024-11-01,2024-11-27,0,1,26,950953,13294,Low
1377,Sara Ahmed,Female,Single,0,0,1,1,27,Dubai,Al Barsha,207,Mizhar Community Homes,MCH,Al Barsha,0,540,55.1923,25.1133,Pending document allocation,Concept pending,Community support initiative,Approved with remarks,Reviewed in heading notes,107283422,2026-01-17,291,Loan,Approved,2024-10-01,2024-10-13,1,0,12,673833,12343,High
1378,Khaled Omar,Male,Married,0,1,4,4,47,Dubai,Dubai South,201,Al Noor Housing Project,Noor,Dubai South,0,504,55.1441,24.9016,Single parent support,Urban tower design,Phase 1 initiative,Approved by board,Priority heading,143665318,2025-09-15,252,Loan,Approved,2024-06-03,2024-06-23,1,0,20,1158865,25261,High
1379,Abdulla Saeed,Male,Married,0,0,0,0,32,Dubai,Al Barsha,208,Dubai South Residences,DSR,Al Barsha,1,534,55.204,25.0941,Pending document allocation,Efficient layout,Affordable housing initiative,Approved with remarks,Low-risk heading,163985924,2026-06-23,136,Grant,Approved,2024-09-17,2024-10-09,1,0,22,988807,21157,High
1380,Khaled Omar,Male,Married,0,1,5,3,58,Dubai,Jumeirah,203,Khawaneej Family Homes,KFH,Jumeirah,1,515,55.2306,25.2213,Priority family housing,Modern villa design,Women support initiative,Approved by board,Reviewed in heading notes,148875051,2026-02-01,162,Grant,Approved,2024-06-15,2024-07-07,1,0,22,1109646,24641,High
1381,Salem Rashid,Male,Divorced,0,0,3,1,49,Dubai,Al Warqa,202,Al Rawda Villas,Rawda,Al Warqa,0,543,55.403,25.224,Priority family housing,Luxury family layout,Social initiative,Rejected after review,Needs policy revision,180144858,2026-04-06,273,Grant,Rejected,2024-01-01,2024-01-25,0,1,24,896018,22248,Low
1382,Ahmed Ali,Male,Married,0,0,3,0,24,Dubai,Nad Al Sheba,207,Mizhar Community Homes,MCH,Nad Al Sheba,0,525,55.3331,25.1643,Large family allocation,Luxury family layout,Phase 1 initiative,Pending review,Reviewed in heading notes,77768169,2025-08-26,203,Loan,In Progress,2024-03-05,,0,0,,876772,24181,Medium
1383,Fatima Khalid,Female,Widow,1,0,2,1,43,Dubai,Al Warqa,210,Al Aweer Villas,AAV,Al Warqa,0,532,55.4074,25.1963,Standard allocation,Revised design,Phase 1 initiative,Approved in committee,Reviewed by manager,114282234,2026-06-08,216,Loan,Approved,2024-03-25,2024-04-13,1,0,19,536345,30886,High
1384,Sara Ahmed,Female,Married,0,0,1,1,39,Dubai,Al Khawaneej,206,Muhaisnah Housing,MH,Al Khawaneej,1,514,55.4457,25.2931,Standard allocation,Revised design,Social initiative,Approved with remarks,Needs policy revision,162792282,2025-07-04,295,Grant,Approved,2024-10-22,2024-11-01,1,0,10,532836,30098,High
1385,Huda Rashid,Female,Single,0,0,1,1,28,Dubai,Dubai South,207,Mizhar Community Homes,MCH,Dubai South,0,527,55.1517,24.881,Priority family housing,Revised design,Women support initiative,Approved quickly,Low-risk heading,196978015,2025-12-18,229,Loan,Approved,2024-09-09,2024-09-26,1,0,17,637276,30241,High
1386,Huda Rashid,Female,Widow,1,0,5,3,37,Dubai,Dubai South,203,Khawaneej Family Homes,KFH,Dubai South,0,508,55.143,24.8976,Priority family housing,Modern villa design,Phase 1 initiative,Approved by board,Escalated case,213438673,2026-07-17,300,Grant,Approved,2024-06-28,2024-07-18,1,0,20,536285,29796,High
1387,Khaled Omar,Male,Married,0,1,4,1,47,Dubai,Mirdif,202,Al Rawda Villas,Rawda,Mirdif,0,556,55.444,25.2337,Single parent support,Compact design,Executive housing initiative,Approved with remarks,Open heading case,113055205,2025-08-07,157,Grant,Approved,2024-02-21,2024-03-13,1,0,21,586307,30584,High
1388,Majid Hassan,Male,Married,0,1,3,1,60,Dubai,Nad Al Sheba,207,Mizhar Community Homes,MCH,Nad Al Sheba,0,559,55.3114,25.1555,Standard allocation,Efficient layout,Affordable housing initiative,Rejected after review,Open heading case,187534325,2025-08-15,126,Grant,Rejected,2024-06-08,2024-06-25,0,1,17,883806,12392,Low
1389,Huda Rashid,Female,Widow,1,0,0,0,43,Dubai,Dubai South,205,Jumeirah Villas,JV,Dubai South,1,505,55.1785,24.9091,Special widow case,Urban tower design,Women support initiative,Pending review,Needs policy revision,91176396,2025-09-09,200,Loan,In Progress,2024-02-16,,0,0,,796617,25981,Medium
1390,Sara Ahmed,Female,Widow,1,0,0,0,42,Dubai,Jumeirah,209,Nad Al Sheba Homes,NSH,Jumeirah,0,559,55.2436,25.2149,Priority family housing,Revised design,Women support initiative,Rejected after review,Needs policy revision,68390952,2025-08-30,240,Grant,Rejected,2024-09-19,2024-10-10,0,1,21,569501,21977,Low
1391,Noora Ibrahim,Female,Married,0,0,2,2,50,Dubai,Al Warqa,209,Nad Al Sheba Homes,NSH,Al Warqa,0,531,55.4053,25.1977,Single parent support,Efficient layout,Social initiative,Approved with remarks,Reviewed by manager,134834297,2026-04-12,199,Grant,Approved,2024-03-06,2024-03-25,1,0,19,730241,23828,High
1392,Maha Nasser,Female,Widow,1,0,2,2,61,Dubai,Mirdif,207,Mizhar Community Homes,MCH,Mirdif,0,522,55.4408,25.2268,Fast-track request,Modern villa design,Phase 1 initiative,Pending manager review,Family support case,135491162,2026-07-13,264,Loan,In Progress,2024-03-15,,0,0,,493510,28455,Medium
1393,Huda Rashid,Female,Divorced,0,0,3,3,57,Dubai,Dubai South,207,Mizhar Community Homes,MCH,Dubai South,0,554,55.1629,24.8872,Social support allocation,Revised design,Affordable housing initiative,Pending review,Priority heading,185604534,2026-03-05,251,Loan,In Progress,2024-01-12,,0,0,,1190219,25899,Medium
1394,Huda Rashid,Female,Widow,1,0,2,2,36,Dubai,Dubai South,206,Muhaisnah Housing,MH,Dubai South,0,541,55.143,24.8997,Regional demand case,Revised design,Affordable housing initiative,Approved in committee,Reviewed in heading notes,116306676,2025-11-21,169,Loan,Approved,2024-07-15,2024-08-03,1,0,19,880165,20763,High
1395,Huda Rashid,Female,Married,0,0,2,0,29,Dubai,Al Warqa,205,Jumeirah Villas,JV,Al Warqa,0,559,55.4172,25.2111,Social support allocation,Modern villa design,Affordable housing initiative,Approved quickly,Open heading case,210493164,2025-12-05,283,Loan,Approved,2024-06-18,2024-07-06,1,0,18,826650,24389,High
1396,Huda Rashid,Female,Widow,1,0,0,0,60,Dubai,Nad Al Sheba,210,Al Aweer Villas,AAV,Nad Al Sheba,0,530,55.3099,25.1762,Single parent support,Modern villa design,Executive housing initiative,Pending manager review,Low-risk heading,95903358,2026-06-27,126,Loan,In Progress,2024-08-21,,0,0,,685751,15592,Medium
1397,Maha Nasser,Female,Divorced,0,0,2,2,35,Dubai,Jumeirah,201,Al Noor Housing Project,Noor,Jumeirah,0,559,55.2184,25.1974,Pending document allocation,Modern villa design,Executive housing initiative,Awaiting next committee,Reviewed by manager,210742357,2026-03-19,199,Grant,In Progress,2024-01-11,,0,0,,635370,21029,Medium
1398,Fatima Khalid,Female,Divorced,0,0,3,0,62,Dubai,Al Aweer,210,Al Aweer Villas,AAV,Al Aweer,0,551,55.5194,25.1614,Social support allocation,Luxury family layout,Expansion initiative,Approved by board,Escalated case,95317593,2025-06-28,312,Grant,Approved,2024-02-24,2024-03-13,1,0,18,1195854,29671,High
1399,Yousef Nasser,Male,Married,0,1,1,1,46,Dubai,Jumeirah,210,Al Aweer Villas,AAV,Jumeirah,1,536,55.2153,25.2091,Pending document allocation,Efficient layout,Expansion initiative,Approved in committee,Priority heading,175484141,2025-10-08,207,Grant,Approved,2024-04-01,2024-04-17,1,0,16,470297,16822,High
1400,Fatima Khalid,Female,Single,0,0,2,2,36,Dubai,Nad Al Sheba,201,Al Noor Housing Project,Noor,Nad Al Sheba,0,502,55.3401,25.1619,Standard allocation,Modern villa design,Phase 1 initiative,Approved in committee,Family support case,98648424,2025-10-23,209,Loan,Approved,2024-03-18,2024-04-01,1,0,14,841161,28620,High
1401,Ahmed Ali,Male,Married,0,0,3,3,59,Dubai,Al Barsha,210,Al Aweer Villas,AAV,Al Barsha,1,534,55.1925,25.1032,Fast-track request,Luxury family layout,Women support initiative,Approved in committee,Escalated case,92287387,2026-06-26,124,Grant,Approved,2024-10-06,2024-10-22,1,0,16,1197457,13849,High
1402,Huda Rashid,Female,Married,0,0,1,1,33,Dubai,Al Barsha,201,Al Noor Housing Project,Noor,Al Barsha,0,505,55.1817,25.1197,Large family allocation,Revised design,Expansion initiative,Approved in committee,Reviewed by housing head,92914239,2026-07-25,173,Grant,Approved,2024-05-28,2024-06-14,1,0,17,799908,15862,High
1403,Maryam Hassan,Female,Widow,1,0,2,0,54,Dubai,Al Aweer,208,Dubai South Residences,DSR,Al Aweer,0,550,55.5086,25.1715,Fast-track request,Modern villa design,Expansion initiative,Deferred for clarification,Open heading case,179833109,2025-12-14,229,Loan,On Hold,2024-01-03,,0,0,,607708,14626,Medium
1404,Khaled Omar,Male,Married,0,1,3,3,59,Dubai,Al Mizhar,201,Al Noor Housing Project,Noor,Al Mizhar,0,545,55.455,25.2566,Single parent support,Compact design,Expansion initiative,Approved in committee,Reviewed by manager,121843867,2025-12-12,220,Grant,Approved,2024-06-25,2024-07-12,1,0,17,774930,29380,High
1405,Amina Saeed,Female,Single,0,0,2,1,37,Dubai,Al Aweer,206,Muhaisnah Housing,MH,Al Aweer,1,527,55.487,25.1419,Special widow case,Luxury family layout,Expansion initiative,Pending review,Needs policy revision,182661974,2025-07-04,254,Loan,In Progress,2024-07-13,,0,0,,723585,19715,Medium
1406,Fatima Khalid,Female,Divorced,0,0,0,0,28,Dubai,Dubai South,206,Muhaisnah Housing,MH,Dubai South,0,526,55.1563,24.9136,Special widow case,Compact design,Social initiative,Approved by board,Reviewed in heading notes,167469335,2025-10-12,208,Loan,Approved,2024-08-30,2024-09-20,1,0,21,572509,13062,High
1407,Fatima Khalid,Female,Married,0,0,0,0,50,Dubai,Al Aweer,208,Dubai South Residences,DSR,Al Aweer,0,526,55.4901,25.1784,Special widow case,Modern villa design,Phase 1 initiative,Approved quickly,Reviewed by housing head,65612218,2026-07-16,262,Loan,Approved,2024-10-27,2024-11-09,1,0,13,1112536,24589,High
1408,Maryam Hassan,Female,Married,0,0,4,4,58,Dubai,Al Aweer,207,Mizhar Community Homes,MCH,Al Aweer,0,540,55.5188,25.1464,Large family allocation,Urban tower design,Expansion initiative,Approved quickly,Low-risk heading,124370275,2025-07-17,263,Grant,Approved,2024-04-30,2024-05-24,1,0,24,592122,26963,High
1409,Yousef Nasser,Male,Single,0,0,0,0,59,Dubai,Dubai South,209,Nad Al Sheba Homes,NSH,Dubai South,0,541,55.1623,24.9028,Pending document allocation,Luxury family layout,Phase 1 initiative,Awaiting next review,Family support case,145015480,2025-06-16,135,Grant,On Hold,2024-05-22,,0,0,,531734,16381,Medium
1410,Latifa Omar,Female,Married,0,0,2,0,47,Dubai,Mirdif,204,Barsha Residences,BR,Mirdif,0,551,55.4471,25.2119,Single parent support,Concept pending,Executive housing initiative,Awaiting next committee,Reviewed by manager,174576362,2026-03-19,228,Grant,In Progress,2024-04-18,,0,0,,645164,29271,Medium
1411,Fatima Khalid,Female,Single,0,0,1,0,55,Dubai,Dubai South,205,Jumeirah Villas,JV,Dubai South,1,552,55.1416,24.9101,Standard allocation,Compact design,Affordable housing initiative,Approved quickly,Reviewed by housing head,203727250,2026-01-31,316,Grant,Approved,2024-02-06,2024-02-28,1,0,22,772612,23846,High
1412,Ahmed Ali,Male,Married,0,1,1,1,36,Dubai,Mirdif,203,Khawaneej Family Homes,KFH,Mirdif,0,517,55.435,25.2068,Pending document allocation,Compact design,Expansion initiative,Approved quickly,Priority heading,123060704,2026-05-12,126,Grant,Approved,2024-08-08,2024-08-24,1,0,16,703896,24520,High
1413,Noora Ibrahim,Female,Married,0,0,1,1,51,Dubai,Al Mizhar,205,Jumeirah Villas,JV,Al Mizhar,0,538,55.4615,25.2453,Pending document allocation,Standard design,Expansion initiative,Approved in committee,Open heading case,212155577,2026-02-14,282,Grant,Approved,2024-02-15,2024-03-07,1,0,21,1192463,27930,High
1414,Omar Khalid,Male,Married,0,1,2,1,41,Dubai,Al Mizhar,207,Mizhar Community Homes,MCH,Al Mizhar,0,518,55.4302,25.2718,Social support allocation,Compact design,Expansion initiative,Approved quickly,Priority heading,202197338,2026-02-07,313,Loan,Approved,2024-04-21,2024-05-07,1,0,16,964689,28142,High
1415,Maha Nasser,Female,Divorced,0,0,1,0,35,Dubai,Al Mizhar,208,Dubai South Residences,DSR,Al Mizhar,0,541,55.435,25.2485,Pending document allocation,Standard design,Phase 1 initiative,Approved by board,Family support case,214815347,2025-12-31,133,Grant,Approved,2024-09-25,2024-10-08,1,0,13,499256,29563,High
1416,Sara Ahmed,Female,Divorced,0,0,3,2,32,Dubai,Al Aweer,202,Al Rawda Villas,Rawda,Al Aweer,0,503,55.4837,25.1627,Standard allocation,Efficient layout,Executive housing initiative,On hold pending documents,Reviewed by housing head,129292336,2026-07-06,121,Loan,On Hold,2024-07-16,,0,0,,721348,14796,Medium
1417,Khaled Omar,Male,Single,0,0,4,3,24,Dubai,Mirdif,210,Al Aweer Villas,AAV,Mirdif,0,510,55.4176,25.2114,Single parent support,Urban tower design,Expansion initiative,Approved in committee,Family support case,117212178,2025-10-23,173,Loan,Approved,2024-11-12,2024-11-25,1,0,13,742933,28414,High
1418,Fatima Khalid,Female,Married,0,0,1,1,60,Dubai,Al Barsha,208,Dubai South Residences,DSR,Al Barsha,0,516,55.1806,25.0902,Fast-track request,Modern villa design,Affordable housing initiative,Rejected by policy rule,Open heading case,79241981,2026-06-16,149,Loan,Rejected,2024-03-23,2024-04-12,0,1,20,528243,26571,Low
1419,Maryam Hassan,Female,Divorced,0,0,5,5,27,Dubai,Al Warqa,205,Jumeirah Villas,JV,Al Warqa,0,505,55.4099,25.2114,Priority family housing,Luxury family layout,Executive housing initiative,Approved by board,Reviewed by housing head,124003725,2025-10-11,228,Loan,Approved,2024-05-17,2024-06-07,1,0,21,922928,27166,High
1420,Latifa Omar,Female,Married,0,0,2,0,50,Dubai,Al Khawaneej,207,Mizhar Community Homes,MCH,Al Khawaneej,0,555,55.469,25.3048,Fast-track request,Standard design,Social initiative,Approved with remarks,Family support case,166459743,2025-08-02,251,Loan,Approved,2024-09-02,2024-09-16,1,0,14,1083754,24115,High
1421,Khaled Omar,Male,Divorced,0,0,1,0,61,Dubai,Al Aweer,205,Jumeirah Villas,JV,Al Aweer,0,540,55.4842,25.1604,Social support allocation,Revised design,Phase 1 initiative,Approved quickly,Priority heading,187963153,2025-07-08,126,Loan,Approved,2024-09-06,2024-09-21,1,0,15,750011,17382,High
1422,Noora Ibrahim,Female,Widow,1,0,0,0,27,Dubai,Muhaisnah,210,Al Aweer Villas,AAV,Muhaisnah,0,549,55.4554,25.2694,Standard allocation,Efficient layout,Expansion initiative,Rejected by policy rule,Reviewed in heading notes,216497317,2025-10-01,193,Loan,Rejected,2024-07-30,2024-08-16,0,1,17,1109178,13053,Low
1423,Amina Saeed,Female,Married,0,0,4,4,28,Dubai,Al Aweer,209,Nad Al Sheba Homes,NSH,Al Aweer,0,533,55.4843,25.1777,Fast-track request,Standard design,Expansion initiative,Approved by board,Family support case,123495042,2026-01-22,146,Grant,Approved,2024-08-29,2024-09-18,1,0,20,738719,27972,High
1424,Amina Saeed,Female,Married,0,0,0,0,31,Dubai,Al Warqa,209,Nad Al Sheba Homes,NSH,Al Warqa,0,516,55.421,25.1904,Single parent support,Urban tower design,Phase 1 initiative,Approved quickly,Reviewed by manager,167348805,2026-01-23,133,Grant,Approved,2024-09-07,2024-09-22,1,0,15,543203,13891,High
1425,Fatima Khalid,Female,Married,0,0,5,4,26,Dubai,Al Mizhar,208,Dubai South Residences,DSR,Al Mizhar,0,556,55.457,25.2685,Social support allocation,Urban tower design,Expansion initiative,Approved by board,Reviewed by manager,128983793,2026-03-26,256,Grant,Approved,2024-08-16,2024-09-06,1,0,21,958560,31323,High
1426,Maryam Hassan,Female,Married,0,0,3,0,44,Dubai,Al Warqa,206,Muhaisnah Housing,MH,Al Warqa,0,532,55.4051,25.2057,Standard allocation,Standard design,Affordable housing initiative,Approved quickly,Reviewed by housing head,127940644,2025-09-29,241,Grant,Approved,2024-03-01,2024-03-17,1,0,16,938798,21332,High
1427,Yousef Nasser,Male,Married,0,1,1,1,55,Dubai,Dubai South,210,Al Aweer Villas,AAV,Dubai South,0,539,55.1607,24.9118,Regional demand case,Luxury family layout,Expansion initiative,Approved quickly,Reviewed in heading notes,95728912,2025-10-27,255,Grant,Approved,2024-10-21,2024-11-03,1,0,13,877700,16875,High
1428,Salem Rashid,Male,Married,0,1,2,2,61,Dubai,Nad Al Sheba,209,Nad Al Sheba Homes,NSH,Nad Al Sheba,0,507,55.3241,25.1544,Fast-track request,Revised design,Social initiative,Approved quickly,Escalated case,171921240,2026-04-21,157,Loan,Approved,2024-09-27,2024-10-18,1,0,21,834253,28676,High
1429,Abdulla Saeed,Male,Single,0,0,4,2,35,Dubai,Dubai South,202,Al Rawda Villas,Rawda,Dubai South,0,552,55.1513,24.8986,Regional demand case,Compact design,Executive housing initiative,Approved by board,Low-risk heading,81994078,2026-06-14,187,Grant,Approved,2024-11-17,2024-12-05,1,0,18,1045498,31446,High
1430,Latifa Omar,Female,Married,0,0,3,0,62,Dubai,Al Warqa,207,Mizhar Community Homes,MCH,Al Warqa,0,518,55.4204,25.2174,Social support allocation,Luxury family layout,Executive housing initiative,Approved quickly,Low-risk heading,77867541,2025-09-22,129,Grant,Approved,2024-02-29,2024-03-22,1,0,22,489715,16505,High
1431,Ahmed Ali,Male,Single,0,0,7,1,37,Dubai,Dubai South,208,Dubai South Residences,DSR,Dubai South,0,536,55.1723,24.9113,Single parent support,Concept pending,Expansion initiative,Approved with remarks,Reviewed by housing head,181185964,2026-01-22,126,Grant,Approved,2024-05-14,2024-06-07,1,0,24,1114358,23024,High
1432,Yousef Nasser,Male,Married,0,1,4,2,44,Dubai,Jumeirah,205,Jumeirah Villas,JV,Jumeirah,0,523,55.2525,25.2191,Special widow case,Efficient layout,Women support initiative,Approved quickly,Open heading case,85821166,2026-05-22,257,Grant,Approved,2024-04-24,2024-05-04,1,0,10,1039683,17954,High
1433,Maryam Hassan,Female,Widow,1,0,1,0,43,Dubai,Al Aweer,204,Barsha Residences,BR,Al Aweer,0,553,55.4915,25.1784,Social support allocation,Revised design,Affordable housing initiative,Approved quickly,Family support case,106699103,2025-07-19,199,Grant,Approved,2024-10-15,2024-10-26,1,0,11,541295,24931,High
1434,Hamad Ali,Male,Married,0,1,2,2,37,Dubai,Al Barsha,203,Khawaneej Family Homes,KFH,Al Barsha,0,529,55.2057,25.111,Social support allocation,Revised design,Women support initiative,Rejected after review,Open heading case,146382330,2025-09-03,241,Loan,Rejected,2024-08-01,2024-08-24,0,1,23,612815,21831,Low
1435,Yousef Nasser,Male,Married,0,0,5,4,56,Dubai,Muhaisnah,209,Nad Al Sheba Homes,NSH,Muhaisnah,0,522,55.4775,25.2561,Large family allocation,Revised design,Executive housing initiative,Rejected due to eligibility,Escalated case,200238892,2025-12-01,284,Loan,Rejected,2024-03-12,2024-03-26,0,1,14,683311,27761,Low
1436,Latifa Omar,Female,Married,0,0,4,3,25,Dubai,Mirdif,207,Mizhar Community Homes,MCH,Mirdif,0,532,55.4168,25.222,Single parent support,Standard design,Affordable housing initiative,Deferred for clarification,Open heading case,133910177,2026-01-15,227,Loan,On Hold,2024-09-25,,0,0,,699126,21878,Medium
1437,Salem Rashid,Male,Married,0,0,2,2,26,Dubai,Muhaisnah,206,Muhaisnah Housing,MH,Muhaisnah,0,559,55.4694,25.2756,Special widow case,Standard design,Expansion initiative,Approved by board,Reviewed by housing head,116341905,2025-11-20,299,Loan,Approved,2024-06-16,2024-07-07,1,0,21,973426,17520,High
1438,Majid Hassan,Male,Married,0,0,2,2,33,Dubai,Al Mizhar,201,Al Noor Housing Project,Noor,Al Mizhar,0,547,55.4493,25.2419,Regional demand case,Efficient layout,Women support initiative,Approved quickly,Escalated case,127859860,2026-07-11,241,Loan,Approved,2024-06-07,2024-06-30,1,0,23,703666,14381,High
1439,Yousef Nasser,Male,Married,0,1,5,3,56,Dubai,Muhaisnah,206,Muhaisnah Housing,MH,Muhaisnah,0,551,55.4762,25.2626,Large family allocation,Urban tower design,Phase 1 initiative,Pending manager review,Priority heading,215922580,2026-06-25,122,Grant,In Progress,2024-08-13,,0,0,,779213,24019,Medium
1440,Sara Ahmed,Female,Married,0,0,1,1,47,Dubai,Al Khawaneej,203,Khawaneej Family Homes,KFH,Al Khawaneej,0,522,55.47,25.2895,Fast-track request,Compact design,Affordable housing initiative,Approved by board,Reviewed by housing head,138534861,2026-03-28,274,Grant,Approved,2024-06-05,2024-06-20,1,0,15,600015,21585,High
1441,Salem Rashid,Male,Married,0,0,2,0,28,Dubai,Al Warqa,208,Dubai South Residences,DSR,Al Warqa,1,527,55.417,25.2083,Social support allocation,Efficient layout,Community support initiative,Rejected after review,Reviewed in heading notes,157480256,2026-05-21,210,Loan,Rejected,2024-06-16,2024-07-01,0,1,15,473836,27222,Low
1442,Yousef Nasser,Male,Married,0,1,4,4,29,Dubai,Muhaisnah,206,Muhaisnah Housing,MH,Muhaisnah,0,539,55.4701,25.2837,Single parent support,Luxury family layout,Affordable housing initiative,Approved with remarks,Reviewed in heading notes,141488054,2026-03-29,256,Grant,Approved,2024-01-21,2024-02-07,1,0,17,1132114,25067,High
1443,Noora Ibrahim,Female,Widow,1,0,4,1,44,Dubai,Jumeirah,204,Barsha Residences,BR,Jumeirah,1,510,55.2254,25.2061,Priority family housing,Luxury family layout,Phase 1 initiative,Approved with remarks,Escalated case,209643034,2025-06-13,182,Grant,Approved,2024-03-15,2024-04-02,1,0,18,1158120,29483,High
1444,Salem Rashid,Male,Single,0,0,1,1,31,Dubai,Nad Al Sheba,202,Al Rawda Villas,Rawda,Nad Al Sheba,0,551,55.3088,25.1819,Fast-track request,Luxury family layout,Phase 1 initiative,Rejected after review,Escalated case,95362918,2025-07-19,255,Loan,Rejected,2024-01-11,2024-02-02,0,1,22,810030,20228,Low
1445,Fatima Khalid,Female,Married,0,0,2,0,53,Dubai,Al Barsha,206,Muhaisnah Housing,MH,Al Barsha,0,531,55.2174,25.1074,Standard allocation,Compact design,Executive housing initiative,Approved in committee,Reviewed in heading notes,197031677,2025-09-03,164,Loan,Approved,2024-05-20,2024-06-10,1,0,21,531874,15399,High
1446,Maryam Hassan,Female,Married,0,0,2,1,59,Dubai,Al Warqa,204,Barsha Residences,BR,Al Warqa,0,555,55.4387,25.2231,Pending document allocation,Urban tower design,Affordable housing initiative,Awaiting next committee,Open heading case,71563451,2026-03-27,259,Loan,In Progress,2024-05-06,,0,0,,898336,13086,Medium
1447,Majid Hassan,Male,Divorced,0,0,5,0,25,Dubai,Muhaisnah,201,Al Noor Housing Project,Noor,Muhaisnah,0,522,55.4477,25.2841,Fast-track request,Compact design,Social initiative,Approved by board,Open heading case,188526343,2026-02-11,289,Grant,Approved,2024-05-23,2024-06-06,1,0,14,709170,18515,High
1448,Ahmed Ali,Male,Divorced,0,0,3,3,60,Dubai,Al Mizhar,208,Dubai South Residences,DSR,Al Mizhar,0,526,55.4356,25.2643,Priority family housing,Urban tower design,Community support initiative,Rejected by policy rule,Reviewed by housing head,92635206,2026-07-08,127,Grant,Rejected,2024-07-28,2024-08-18,0,1,21,663558,14206,Low
1449,Abdulla Saeed,Male,Single,0,0,1,0,38,Dubai,Al Khawaneej,203,Khawaneej Family Homes,KFH,Al Khawaneej,0,534,55.4725,25.3138,Standard allocation,Standard design,Social initiative,Approved by board,Needs policy revision,77354849,2026-02-02,243,Grant,Approved,2024-10-11,2024-10-23,1,0,12,529463,25663,High
1450,Huda Rashid,Female,Single,0,0,2,0,28,Dubai,Al Warqa,203,Khawaneej Family Homes,KFH,Al Warqa,0,558,55.4204,25.2046,Large family allocation,Revised design,Affordable housing initiative,Pending manager review,Family support case,143499929,2025-10-11,249,Loan,In Progress,2024-10-14,,0,0,,880870,14299,Medium
1451,Amina Saeed,Female,Widow,1,0,3,2,46,Dubai,Muhaisnah,202,Al Rawda Villas,Rawda,Muhaisnah,0,520,55.4768,25.2883,Single parent support,Luxury family layout,Expansion initiative,Approved in committee,Open heading case,170228662,2026-06-01,178,Grant,Approved,2024-10-20,2024-11-12,1,0,23,559820,16730,High
1452,Huda Rashid,Female,Widow,1,0,4,0,24,Dubai,Al Barsha,210,Al Aweer Villas,AAV,Al Barsha,0,552,55.215,25.1001,Regional demand case,Standard design,Social initiative,Approved by board,Reviewed in heading notes,172782289,2025-09-22,184,Loan,Approved,2024-02-15,2024-03-05,1,0,19,983690,18449,High
1453,Latifa Omar,Female,Married,0,0,2,2,36,Dubai,Al Warqa,206,Muhaisnah Housing,MH,Al Warqa,0,536,55.408,25.207,Special widow case,Modern villa design,Affordable housing initiative,Approved by board,Priority heading,133944114,2025-09-08,134,Grant,Approved,2024-10-21,2024-11-04,1,0,14,926553,12217,High
1454,Ahmed Ali,Male,Married,0,1,4,4,35,Dubai,Muhaisnah,204,Barsha Residences,BR,Muhaisnah,0,528,55.4779,25.2596,Fast-track request,Efficient layout,Social initiative,Awaiting next committee,Low-risk heading,77500392,2026-03-03,138,Grant,In Progress,2024-06-08,,0,0,,916594,28302,Medium
1455,Fatima Khalid,Female,Married,0,0,7,6,28,Dubai,Jumeirah,208,Dubai South Residences,DSR,Jumeirah,0,524,55.2202,25.2036,Special widow case,Revised design,Community support initiative,Approved by board,Priority heading,182568070,2025-11-12,136,Grant,Approved,2024-05-24,2024-06-12,1,0,19,1049079,20342,High
1456,Salem Rashid,Male,Married,0,0,4,3,60,Dubai,Mirdif,205,Jumeirah Villas,JV,Mirdif,0,524,55.4165,25.233,Pending document allocation,Luxury family layout,Executive housing initiative,Deferred for clarification,Reviewed by manager,121967439,2026-03-21,172,Grant,On Hold,2024-06-09,,0,0,,1145335,26396,Medium
1457,Maryam Hassan,Female,Married,0,0,5,0,41,Dubai,Nad Al Sheba,209,Nad Al Sheba Homes,NSH,Nad Al Sheba,0,516,55.3171,25.1503,Regional demand case,Compact design,Executive housing initiative,Awaiting next committee,Reviewed in heading notes,217404963,2025-11-06,271,Loan,In Progress,2024-08-13,,0,0,,840477,16781,Medium
1458,Hamad Ali,Male,Married,0,1,5,0,27,Dubai,Al Aweer,208,Dubai South Residences,DSR,Al Aweer,1,511,55.4973,25.162,Fast-track request,Standard design,Affordable housing initiative,Approved in committee,Reviewed by housing head,69907385,2025-12-14,264,Grant,Approved,2024-01-22,2024-02-11,1,0,20,535961,20990,High
1459,Majid Hassan,Male,Married,0,1,4,1,60,Dubai,Al Warqa,202,Al Rawda Villas,Rawda,Al Warqa,0,519,55.412,25.2215,Social support allocation,Concept pending,Social initiative,Approved in committee,Reviewed by housing head,93484676,2025-08-23,204,Grant,Approved,2024-11-11,2024-11-23,1,0,12,790508,15571,High
1460,Noora Ibrahim,Female,Widow,1,0,6,2,62,Dubai,Al Warqa,201,Al Noor Housing Project,Noor,Al Warqa,0,536,55.4151,25.2163,Special widow case,Revised design,Affordable housing initiative,Approved by board,Escalated case,217401753,2025-10-30,279,Loan,Approved,2024-05-31,2024-06-15,1,0,15,826657,30745,High
1461,Khaled Omar,Male,Married,0,1,2,1,50,Dubai,Al Mizhar,207,Mizhar Community Homes,MCH,Al Mizhar,0,545,55.4466,25.2416,Large family allocation,Concept pending,Executive housing initiative,Rejected by policy rule,Needs policy revision,102411734,2026-01-20,252,Loan,Rejected,2024-03-28,2024-04-13,0,1,16,1144620,14533,Low
1462,Hamad Ali,Male,Married,0,0,0,0,24,Dubai,Al Warqa,208,Dubai South Residences,DSR,Al Warqa,0,528,55.4362,25.2229,Standard allocation,Efficient layout,Community support initiative,Approved quickly,Reviewed by housing head,120114774,2025-11-15,215,Loan,Approved,2024-08-19,2024-09-06,1,0,18,884600,19767,High
1463,Ahmed Ali,Male,Married,0,1,3,2,61,Dubai,Nad Al Sheba,201,Al Noor Housing Project,Noor,Nad Al Sheba,0,508,55.3186,25.1726,Social support allocation,Luxury family layout,Community support initiative,Rejected due to eligibility,Reviewed in heading notes,154123760,2026-07-03,283,Loan,Rejected,2024-06-05,2024-06-25,0,1,20,464024,31065,Low
1464,Yousef Nasser,Male,Married,0,1,0,0,26,Dubai,Al Mizhar,203,Khawaneej Family Homes,KFH,Al Mizhar,0,559,55.4535,25.2406,Priority family housing,Urban tower design,Affordable housing initiative,Approved in committee,Reviewed by housing head,89910719,2025-12-21,299,Grant,Approved,2024-03-02,2024-03-12,1,0,10,1038184,13695,High
1465,Salem Rashid,Male,Married,0,1,4,0,38,Dubai,Nad Al Sheba,205,Jumeirah Villas,JV,Nad Al Sheba,0,532,55.3381,25.168,Fast-track request,Urban tower design,Expansion initiative,Approved quickly,Low-risk heading,83816588,2025-09-20,253,Loan,Approved,2024-11-07,2024-11-21,1,0,14,785366,31384,High
1466,Huda Rashid,Female,Married,0,0,4,0,25,Dubai,Al Khawaneej,209,Nad Al Sheba Homes,NSH,Al Khawaneej,0,532,55.4607,25.3169,Regional demand case,Modern villa design,Women support initiative,Approved with remarks,Escalated case,128442123,2026-01-20,164,Grant,Approved,2024-05-22,2024-06-13,1,0,22,897604,19567,High
1467,Salem Rashid,Male,Married,0,1,2,2,34,Dubai,Al Mizhar,204,Barsha Residences,BR,Al Mizhar,0,556,55.4617,25.2436,Fast-track request,Luxury family layout,Social initiative,Approved with remarks,Family support case,144724324,2025-06-13,183,Loan,Approved,2024-01-04,2024-01-20,1,0,16,599779,13026,High
1468,Sara Ahmed,Female,Married,0,0,1,0,30,Dubai,Al Khawaneej,201,Al Noor Housing Project,Noor,Al Khawaneej,0,542,55.4442,25.302,Standard allocation,Urban tower design,Community support initiative,Approved in committee,Reviewed by manager,135642230,2026-04-25,234,Loan,Approved,2024-01-24,2024-02-10,1,0,17,1172308,17098,High
1469,Salem Rashid,Male,Married,0,1,2,2,62,Dubai,Muhaisnah,202,Al Rawda Villas,Rawda,Muhaisnah,0,515,55.4485,25.2656,Priority family housing,Efficient layout,Expansion initiative,Rejected due to eligibility,Reviewed in heading notes,76647240,2025-07-24,227,Loan,Rejected,2024-11-10,2024-12-07,0,1,27,1007521,15908,Low
1470,Khaled Omar,Male,Single,0,0,1,1,46,Dubai,Al Barsha,203,Khawaneej Family Homes,KFH,Al Barsha,0,515,55.2128,25.1062,Regional demand case,Luxury family layout,Expansion initiative,Approved in committee,Needs policy revision,132675043,2025-06-21,225,Grant,Approved,2024-08-19,2024-09-02,1,0,14,800356,13802,High
1471,Maryam Hassan,Female,Divorced,0,0,4,1,53,Dubai,Al Warqa,203,Khawaneej Family Homes,KFH,Al Warqa,0,511,55.403,25.2135,Priority family housing,Concept pending,Women support initiative,Rejected after review,Reviewed by manager,85439879,2026-04-09,234,Grant,Rejected,2024-10-19,2024-11-06,0,1,18,1141510,28509,Low
1472,Maha Nasser,Female,Single,0,0,0,0,27,Dubai,Muhaisnah,201,Al Noor Housing Project,Noor,Muhaisnah,0,527,55.4575,25.279,Standard allocation,Modern villa design,Expansion initiative,Approved by board,Reviewed by housing head,203086534,2025-07-09,132,Grant,Approved,2024-10-10,2024-10-28,1,0,18,650825,23634,High
1473,Latifa Omar,Female,Widow,1,0,3,3,58,Dubai,Al Barsha,208,Dubai South Residences,DSR,Al Barsha,0,524,55.184,25.0946,Regional demand case,Urban tower design,Affordable housing initiative,Approved quickly,Family support case,190242607,2026-02-20,213,Loan,Approved,2024-11-20,2024-12-02,1,0,12,773352,27584,High
1474,Khaled Omar,Male,Married,0,0,0,0,26,Dubai,Al Aweer,201,Al Noor Housing Project,Noor,Al Aweer,0,522,55.5094,25.166,Special widow case,Efficient layout,Phase 1 initiative,Rejected due to eligibility,Needs policy revision,189839862,2026-05-06,240,Loan,Rejected,2024-11-25,2024-12-22,0,1,27,824808,16328,Low
1475,Fatima Khalid,Female,Divorced,0,0,0,0,38,Dubai,Al Warqa,201,Al Noor Housing Project,Noor,Al Warqa,0,543,55.4261,25.2145,Pending document allocation,Luxury family layout,Phase 1 initiative,Rejected by policy rule,Family support case,215631097,2026-01-05,186,Loan,Rejected,2024-10-04,2024-10-23,0,1,19,580142,20246,Low
1476,Abdulla Saeed,Male,Married,0,1,2,1,44,Dubai,Jumeirah,204,Barsha Residences,BR,Jumeirah,0,552,55.247,25.1993,Fast-track request,Urban tower design,Phase 1 initiative,Approved with remarks,Reviewed by manager,214195530,2026-05-25,140,Grant,Approved,2024-09-02,2024-09-20,1,0,18,718191,29588,High
1477,Maryam Hassan,Female,Married,0,0,3,2,44,Dubai,Al Warqa,201,Al Noor Housing Project,Noor,Al Warqa,0,515,55.408,25.2233,Special widow case,Efficient layout,Social initiative,Approved by board,Needs policy revision,200921293,2026-02-25,247,Grant,Approved,2024-07-14,2024-08-02,1,0,19,465239,30837,High
1478,Fatima Khalid,Female,Married,0,0,0,0,25,Dubai,Al Barsha,203,Khawaneej Family Homes,KFH,Al Barsha,0,533,55.2068,25.1162,Large family allocation,Compact design,Executive housing initiative,Rejected after review,Priority heading,190271083,2026-01-17,194,Loan,Rejected,2024-04-25,2024-05-09,0,1,14,805635,25213,Low
1479,Amina Saeed,Female,Widow,1,0,0,0,54,Dubai,Al Warqa,203,Khawaneej Family Homes,KFH,Al Warqa,1,551,55.4309,25.2177,Social support allocation,Modern villa design,Women support initiative,Approved by board,Escalated case,181182535,2025-12-11,123,Loan,Approved,2024-11-17,2024-11-28,1,0,11,1056985,24969,High
1480,Majid Hassan,Male,Married,0,0,5,3,29,Dubai,Mirdif,202,Al Rawda Villas,Rawda,Mirdif,0,502,55.4416,25.215,Priority family housing,Standard design,Expansion initiative,Approved with remarks,Reviewed by manager,97759318,2025-09-03,193,Loan,Approved,2024-09-28,2024-10-14,1,0,16,859757,15028,High
1481,Noora Ibrahim,Female,Widow,1,0,4,3,49,Dubai,Al Khawaneej,208,Dubai South Residences,DSR,Al Khawaneej,0,556,55.4535,25.3281,Large family allocation,Urban tower design,Expansion initiative,Approved by board,Low-risk heading,156695788,2025-08-02,230,Loan,Approved,2024-08-29,2024-09-20,1,0,22,549815,29492,High
1482,Ahmed Ali,Male,Single,0,0,3,1,54,Dubai,Mirdif,202,Al Rawda Villas,Rawda,Mirdif,0,550,55.4456,25.2082,Fast-track request,Revised design,Social initiative,Pending manager review,Reviewed by manager,168293353,2026-04-12,211,Loan,In Progress,2024-06-06,,0,0,,563889,19527,Medium
1483,Maha Nasser,Female,Widow,1,0,5,4,31,Dubai,Nad Al Sheba,201,Al Noor Housing Project,Noor,Nad Al Sheba,0,541,55.3214,25.1746,Special widow case,Modern villa design,Expansion initiative,Rejected after review,Reviewed by manager,153870628,2025-07-24,305,Grant,Rejected,2024-09-03,2024-09-25,0,1,22,601095,28856,Low
1484,Majid Hassan,Male,Married,0,1,4,0,38,Dubai,Al Aweer,201,Al Noor Housing Project,Noor,Al Aweer,0,551,55.5122,25.171,Standard allocation,Efficient layout,Community support initiative,Pending review,Reviewed by manager,125359227,2026-01-13,297,Grant,In Progress,2024-02-22,,0,0,,960420,13367,Medium
1485,Noora Ibrahim,Female,Divorced,0,0,3,1,39,Dubai,Al Barsha,210,Al Aweer Villas,AAV,Al Barsha,0,556,55.207,25.1146,Special widow case,Efficient layout,Executive housing initiative,Approved by board,Escalated case,205655261,2026-05-29,208,Loan,Approved,2024-08-26,2024-09-18,1,0,23,1083951,12595,High
1486,Huda Rashid,Female,Single,0,0,6,0,25,Dubai,Jumeirah,202,Al Rawda Villas,Rawda,Jumeirah,0,506,55.2435,25.1869,Special widow case,Luxury family layout,Community support initiative,Approved quickly,Reviewed in heading notes,211703686,2026-03-16,283,Loan,Approved,2024-06-29,2024-07-18,1,0,19,587331,24791,High
1487,Amina Saeed,Female,Married,0,0,1,1,60,Dubai,Al Mizhar,207,Mizhar Community Homes,MCH,Al Mizhar,0,525,55.4431,25.254,Priority family housing,Efficient layout,Executive housing initiative,Approved in committee,Family support case,155002304,2026-07-14,312,Grant,Approved,2024-08-09,2024-08-25,1,0,16,607186,30047,High
1488,Latifa Omar,Female,Single,0,0,1,1,48,Dubai,Al Barsha,201,Al Noor Housing Project,Noor,Al Barsha,1,502,55.2061,25.1258,Large family allocation,Compact design,Phase 1 initiative,Approved in committee,Needs policy revision,90005817,2025-09-06,213,Loan,Approved,2024-03-16,2024-03-31,1,0,15,511723,22773,High
1489,Fatima Khalid,Female,Single,0,0,3,2,43,Dubai,Jumeirah,203,Khawaneej Family Homes,KFH,Jumeirah,0,507,55.2142,25.2091,Special widow case,Efficient layout,Community support initiative,Approved quickly,Open heading case,142276627,2025-09-25,166,Loan,Approved,2024-06-09,2024-06-26,1,0,17,859730,15692,High
1490,Salem Rashid,Male,Married,0,0,3,2,62,Dubai,Nad Al Sheba,204,Barsha Residences,BR,Nad Al Sheba,1,538,55.3144,25.1797,Single parent support,Revised design,Affordable housing initiative,Approved by board,Reviewed in heading notes,144978474,2025-12-26,275,Loan,Approved,2024-10-27,2024-11-20,1,0,24,1189861,19841,High
1491,Latifa Omar,Female,Married,0,0,0,0,33,Dubai,Al Khawaneej,210,Al Aweer Villas,AAV,Al Khawaneej,0,559,55.4755,25.2995,Standard allocation,Luxury family layout,Expansion initiative,Approved by board,Open heading case,90347586,2026-07-23,189,Grant,Approved,2024-01-04,2024-01-27,1,0,23,724494,17091,High
1492,Amina Saeed,Female,Married,0,0,5,5,47,Dubai,Al Warqa,206,Muhaisnah Housing,MH,Al Warqa,0,502,55.4175,25.1883,Single parent support,Efficient layout,Executive housing initiative,Approved in committee,Reviewed in heading notes,126242288,2025-07-20,187,Loan,Approved,2024-10-03,2024-10-13,1,0,10,623491,27192,High
1493,Khaled Omar,Male,Single,0,0,1,1,41,Dubai,Al Aweer,210,Al Aweer Villas,AAV,Al Aweer,0,520,55.5004,25.16,Social support allocation,Urban tower design,Phase 1 initiative,Approved quickly,Reviewed by housing head,95505392,2026-04-13,248,Loan,Approved,2024-05-05,2024-05-27,1,0,22,978125,27085,High
1494,Amina Saeed,Female,Single,0,0,3,1,29,Dubai,Mirdif,203,Khawaneej Family Homes,KFH,Mirdif,0,545,55.4466,25.225,Fast-track request,Luxury family layout,Executive housing initiative,Rejected after review,Low-risk heading,97699575,2026-01-05,185,Grant,Rejected,2024-03-03,2024-04-01,0,1,29,873339,29790,Low
1495,Hamad Ali,Male,Single,0,0,0,0,52,Dubai,Nad Al Sheba,205,Jumeirah Villas,JV,Nad Al Sheba,0,544,55.3396,25.1716,Large family allocation,Concept pending,Executive housing initiative,Rejected due to eligibility,Open heading case,182609398,2026-06-24,147,Loan,Rejected,2024-06-27,2024-07-15,0,1,18,791102,17545,Low
1496,Sara Ahmed,Female,Single,0,0,4,0,34,Dubai,Mirdif,201,Al Noor Housing Project,Noor,Mirdif,1,536,55.4525,25.2395,Regional demand case,Revised design,Social initiative,Approved by board,Reviewed by manager,176723090,2025-12-03,139,Grant,Approved,2024-11-21,2024-12-09,1,0,18,508842,23964,High
1497,Latifa Omar,Female,Single,0,0,1,1,44,Dubai,Dubai South,208,Dubai South Residences,DSR,Dubai South,0,551,55.1651,24.8993,Large family allocation,Modern villa design,Expansion initiative,Approved with remarks,Reviewed by manager,135807266,2025-09-21,253,Grant,Approved,2024-04-29,2024-05-10,1,0,11,511324,23184,High
1498,Abdulla Saeed,Male,Married,0,1,4,1,30,Dubai,Nad Al Sheba,202,Al Rawda Villas,Rawda,Nad Al Sheba,0,541,55.3137,25.1743,Fast-track request,Standard design,Community support initiative,Approved with remarks,Reviewed by manager,71357370,2026-05-07,162,Loan,Approved,2024-01-31,2024-02-19,1,0,19,619539,14464,High
1499,Huda Rashid,Female,Widow,1,0,5,2,56,Dubai,Al Aweer,207,Mizhar Community Homes,MCH,Al Aweer,0,505,55.5114,25.1428,Large family allocation,Compact design,Social initiative,Approved quickly,Reviewed in heading notes,216798193,2025-09-23,227,Grant,Approved,2024-03-08,2024-03-24,1,0,16,750392,14707,High
1500,Fatima Khalid,Female,Married,0,0,3,3,35,Dubai,Al Warqa,209,Nad Al Sheba Homes,NSH,Al Warqa,0,509,55.423,25.2182,Special widow case,Modern villa design,Social initiative,Pending manager review,Reviewed by housing head,117545115,2025-09-15,154,Loan,In Progress,2024-10-27,,0,0,,1029508,27108,Medium
1501,Omar Khalid,Male,Divorced,0,0,4,1,55,Dubai,Dubai South,203,Khawaneej Family Homes,KFH,Dubai South,0,553,55.1536,24.899,Large family allocation,Efficient layout,Expansion initiative,Approved quickly,Reviewed by manager,172774456,2026-07-10,296,Grant,Approved,2024-05-09,2024-05-26,1,0,17,837404,21044,High
1502,Amina Saeed,Female,Widow,1,0,4,0,41,Dubai,Al Barsha,201,Al Noor Housing Project,Noor,Al Barsha,0,550,55.1824,25.1077,Fast-track request,Modern villa design,Affordable housing initiative,Approved quickly,Reviewed by housing head,129770861,2025-12-01,165,Loan,Approved,2024-05-26,2024-06-05,1,0,10,1077419,17666,High
1503,Ahmed Ali,Male,Married,0,1,0,0,28,Dubai,Al Barsha,206,Muhaisnah Housing,MH,Al Barsha,0,507,55.2029,25.1031,Social support allocation,Modern villa design,Phase 1 initiative,Approved quickly,Open heading case,140875963,2025-07-18,163,Loan,Approved,2024-01-02,2024-01-17,1,0,15,957018,30384,High
1504,Amina Saeed,Female,Single,0,0,4,1,41,Dubai,Al Aweer,207,Mizhar Community Homes,MCH,Al Aweer,0,545,55.4809,25.1628,Single parent support,Standard design,Women support initiative,Deferred for clarification,Low-risk heading,107668704,2026-02-26,141,Grant,On Hold,2024-01-29,,0,0,,566233,20659,Medium
1505,Fatima Khalid,Female,Widow,1,0,2,0,24,Dubai,Dubai South,209,Nad Al Sheba Homes,NSH,Dubai South,0,520,55.1783,24.9083,Single parent support,Modern villa design,Social initiative,Approved with remarks,Reviewed by manager,160156299,2025-09-15,137,Loan,Approved,2024-01-30,2024-02-18,1,0,19,849639,19504,High
1506,Salem Rashid,Male,Married,0,1,3,1,57,Dubai,Muhaisnah,206,Muhaisnah Housing,MH,Muhaisnah,0,527,55.4525,25.2678,Special widow case,Efficient layout,Affordable housing initiative,Approved in committee,Reviewed in heading notes,173590892,2025-11-18,318,Loan,Approved,2024-06-21,2024-07-09,1,0,18,635704,15060,High
1507,Maryam Hassan,Female,Widow,1,0,4,1,26,Dubai,Al Khawaneej,202,Al Rawda Villas,Rawda,Al Khawaneej,0,501,55.4429,25.3053,Special widow case,Standard design,Expansion initiative,Rejected after review,Needs policy revision,97147775,2025-06-13,202,Grant,Rejected,2024-02-05,2024-02-24,0,1,19,1191867,15762,Low
1508,Amina Saeed,Female,Married,0,0,3,2,50,Dubai,Jumeirah,206,Muhaisnah Housing,MH,Jumeirah,0,519,55.2172,25.1948,Special widow case,Modern villa design,Women support initiative,Rejected after review,Needs policy revision,122623956,2025-11-20,256,Loan,Rejected,2024-04-11,2024-05-11,0,1,30,1111446,30138,Low
1509,Maha Nasser,Female,Married,0,0,3,3,31,Dubai,Nad Al Sheba,208,Dubai South Residences,DSR,Nad Al Sheba,0,508,55.3081,25.1795,Social support allocation,Efficient layout,Phase 1 initiative,Approved quickly,Open heading case,140722686,2026-05-25,165,Loan,Approved,2024-01-23,2024-02-06,1,0,14,834921,20126,High
1510,Sara Ahmed,Female,Married,0,0,3,0,40,Dubai,Mirdif,208,Dubai South Residences,DSR,Mirdif,1,509,55.451,25.2165,Pending document allocation,Urban tower design,Community support initiative,Approved with remarks,Reviewed by housing head,155852204,2026-05-17,193,Grant,Approved,2024-11-15,2024-11-30,1,0,15,649105,20823,High
1511,Latifa Omar,Female,Married,0,0,2,2,42,Dubai,Al Barsha,210,Al Aweer Villas,AAV,Al Barsha,0,524,55.1818,25.1035,Special widow case,Revised design,Phase 1 initiative,Approved in committee,Open heading case,182975755,2026-02-24,306,Grant,Approved,2024-06-07,2024-06-28,1,0,21,986013,15312,High
1512,Amina Saeed,Female,Married,0,0,2,1,44,Dubai,Jumeirah,210,Al Aweer Villas,AAV,Jumeirah,0,508,55.2428,25.2058,Standard allocation,Compact design,Expansion initiative,Approved by board,Reviewed in heading notes,128013959,2026-02-08,303,Grant,Approved,2024-09-15,2024-10-06,1,0,21,593403,29624,High
1513,Amina Saeed,Female,Married,0,0,0,0,51,Dubai,Al Mizhar,206,Muhaisnah Housing,MH,Al Mizhar,0,529,55.4539,25.2626,Regional demand case,Urban tower design,Expansion initiative,Pending review,Reviewed in heading notes,140632064,2026-02-15,290,Loan,In Progress,2024-09-08,,0,0,,736274,20934,Medium
1514,Ahmed Ali,Male,Single,0,0,1,1,61,Dubai,Jumeirah,209,Nad Al Sheba Homes,NSH,Jumeirah,0,522,55.2399,25.2193,Standard allocation,Revised design,Phase 1 initiative,Approved by board,Priority heading,118263451,2025-10-03,294,Grant,Approved,2024-01-05,2024-01-21,1,0,16,590516,16083,High
1515,Omar Khalid,Male,Married,0,1,4,0,33,Dubai,Nad Al Sheba,205,Jumeirah Villas,JV,Nad Al Sheba,0,509,55.3098,25.1812,Social support allocation,Urban tower design,Executive housing initiative,Approved with remarks,Priority heading,132548399,2026-01-09,288,Grant,Approved,2024-04-13,2024-04-24,1,0,11,878143,18952,High
1516,Huda Rashid,Female,Widow,1,0,2,0,33,Dubai,Al Mizhar,201,Al Noor Housing Project,Noor,Al Mizhar,0,549,55.4317,25.2698,Social support allocation,Revised design,Women support initiative,On hold pending documents,Family support case,151057699,2026-01-20,233,Loan,On Hold,2024-03-21,,0,0,,725548,12853,Medium
1517,Khaled Omar,Male,Divorced,0,0,0,0,25,Dubai,Al Mizhar,203,Khawaneej Family Homes,KFH,Al Mizhar,0,519,55.4478,25.265,Regional demand case,Compact design,Women support initiative,Approved by board,Family support case,143732492,2026-01-04,224,Grant,Approved,2024-05-30,2024-06-21,1,0,22,1174160,13913,High
1518,Latifa Omar,Female,Married,0,0,2,1,55,Dubai,Al Aweer,208,Dubai South Residences,DSR,Al Aweer,0,530,55.5037,25.1687,Pending document allocation,Urban tower design,Social initiative,Approved quickly,Escalated case,71121792,2026-02-23,306,Loan,Approved,2024-09-30,2024-10-16,1,0,16,1011937,19281,High
1519,Sara Ahmed,Female,Single,0,0,1,0,57,Dubai,Jumeirah,204,Barsha Residences,BR,Jumeirah,0,508,55.2463,25.2222,Regional demand case,Compact design,Expansion initiative,Approved with remarks,Reviewed by housing head,101261529,2025-06-14,229,Grant,Approved,2024-11-15,2024-11-26,1,0,11,1084392,23715,High
1520,Latifa Omar,Female,Married,0,0,1,1,37,Dubai,Al Aweer,202,Al Rawda Villas,Rawda,Al Aweer,0,512,55.4833,25.1554,Priority family housing,Efficient layout,Executive housing initiative,Pending manager review,Reviewed in heading notes,108700829,2025-10-08,268,Grant,In Progress,2024-11-17,,0,0,,673463,16744,Medium
1521,Maha Nasser,Female,Married,0,0,5,5,39,Dubai,Al Mizhar,210,Al Aweer Villas,AAV,Al Mizhar,0,539,55.4325,25.2669,Regional demand case,Compact design,Expansion initiative,Awaiting next committee,Family support case,169631071,2026-02-01,315,Loan,In Progress,2024-06-02,,0,0,,1127339,23150,Medium
1522,Majid Hassan,Male,Married,0,0,5,0,30,Dubai,Al Mizhar,206,Muhaisnah Housing,MH,Al Mizhar,0,560,55.4332,25.2545,Special widow case,Efficient layout,Expansion initiative,Rejected after review,Priority heading,89984370,2025-08-05,230,Grant,Rejected,2024-11-14,2024-12-04,0,1,20,825407,19052,Low
1523,Amina Saeed,Female,Married,0,0,5,0,31,Dubai,Mirdif,208,Dubai South Residences,DSR,Mirdif,0,553,55.4329,25.2091,Large family allocation,Compact design,Expansion initiative,Rejected due to eligibility,Low-risk heading,165984760,2025-09-11,141,Loan,Rejected,2024-09-13,2024-10-11,0,1,28,1101428,31095,Low
1524,Khaled Omar,Male,Married,0,1,4,3,51,Dubai,Mirdif,204,Barsha Residences,BR,Mirdif,0,555,55.4335,25.2218,Fast-track request,Efficient layout,Affordable housing initiative,Approved with remarks,Reviewed by manager,129683909,2026-07-18,193,Grant,Approved,2024-11-23,2024-12-12,1,0,19,698365,27487,High
1525,Omar Khalid,Male,Married,0,0,1,0,24,Dubai,Al Barsha,210,Al Aweer Villas,AAV,Al Barsha,0,501,55.219,25.1011,Large family allocation,Compact design,Social initiative,Rejected after review,Priority heading,211090025,2026-02-19,223,Loan,Rejected,2024-08-16,2024-09-09,0,1,24,967967,25168,Low
1526,Fatima Khalid,Female,Married,0,0,0,0,50,Dubai,Nad Al Sheba,205,Jumeirah Villas,JV,Nad Al Sheba,0,540,55.3128,25.1488,Special widow case,Compact design,Executive housing initiative,Approved with remarks,Reviewed by housing head,146812212,2026-04-06,267,Grant,Approved,2024-06-25,2024-07-08,1,0,13,1181136,25916,High
1527,Yousef Nasser,Male,Married,0,0,2,0,26,Dubai,Al Barsha,206,Muhaisnah Housing,MH,Al Barsha,0,528,55.2021,25.0974,Standard allocation,Modern villa design,Community support initiative,Pending manager review,Reviewed by manager,141548328,2026-01-01,179,Grant,In Progress,2024-08-04,,0,0,,1036453,13135,Medium
1528,Huda Rashid,Female,Married,0,0,2,0,26,Dubai,Al Warqa,209,Nad Al Sheba Homes,NSH,Al Warqa,0,512,55.4369,25.2182,Regional demand case,Concept pending,Community support initiative,Awaiting next committee,Low-risk heading,155245939,2026-05-14,274,Grant,In Progress,2024-03-18,,0,0,,1103967,19688,Medium
1529,Huda Rashid,Female,Widow,1,0,4,0,36,Dubai,Al Barsha,210,Al Aweer Villas,AAV,Al Barsha,0,550,55.2113,25.0929,Large family allocation,Modern villa design,Affordable housing initiative,Rejected due to eligibility,Low-risk heading,132008854,2026-07-03,140,Loan,Rejected,2024-04-09,2024-05-09,0,1,30,747548,12075,Low
1530,Majid Hassan,Male,Single,0,0,3,0,27,Dubai,Jumeirah,201,Al Noor Housing Project,Noor,Jumeirah,0,540,55.2271,25.2103,Large family allocation,Modern villa design,Social initiative,Approved in committee,Priority heading,206396641,2026-04-01,130,Loan,Approved,2024-04-09,2024-05-03,1,0,24,482801,21976,High
1531,Majid Hassan,Male,Married,0,0,0,0,56,Dubai,Al Barsha,203,Khawaneej Family Homes,KFH,Al Barsha,0,550,55.2108,25.1119,Pending document allocation,Modern villa design,Phase 1 initiative,Approved in committee,Escalated case,136736042,2026-05-12,292,Loan,Approved,2024-01-09,2024-01-24,1,0,15,669813,15264,High
1532,Maryam Hassan,Female,Widow,1,0,3,0,35,Dubai,Jumeirah,204,Barsha Residences,BR,Jumeirah,0,503,55.2168,25.2175,Standard allocation,Revised design,Affordable housing initiative,Rejected by policy rule,Priority heading,121115710,2025-08-25,232,Grant,Rejected,2024-03-12,2024-03-26,0,1,14,1199767,31880,Low
1533,Maha Nasser,Female,Married,0,0,0,0,35,Dubai,Al Khawaneej,210,Al Aweer Villas,AAV,Al Khawaneej,0,550,55.4606,25.299,Fast-track request,Standard design,Phase 1 initiative,Approved in committee,Needs policy revision,102261570,2025-10-16,216,Loan,Approved,2024-03-21,2024-04-01,1,0,11,1119732,14037,High
1534,Fatima Khalid,Female,Married,0,0,4,1,61,Dubai,Al Mizhar,206,Muhaisnah Housing,MH,Al Mizhar,0,521,55.427,25.2501,Regional demand case,Luxury family layout,Phase 1 initiative,Approved quickly,Open heading case,138908997,2025-12-11,317,Loan,Approved,2024-01-15,2024-01-31,1,0,16,1067591,22478,High
1535,Sara Ahmed,Female,Widow,1,0,2,1,49,Dubai,Al Barsha,207,Mizhar Community Homes,MCH,Al Barsha,0,522,55.2112,25.1205,Social support allocation,Compact design,Expansion initiative,Approved with remarks,Reviewed by manager,74840326,2026-02-15,165,Grant,Approved,2024-10-17,2024-11-10,1,0,24,710869,22353,High
1536,Huda Rashid,Female,Widow,1,0,3,0,29,Dubai,Al Khawaneej,210,Al Aweer Villas,AAV,Al Khawaneej,0,536,55.4745,25.3189,Single parent support,Modern villa design,Women support initiative,Awaiting next committee,Reviewed by manager,112529295,2025-06-05,254,Loan,In Progress,2024-04-02,,0,0,,633711,31143,Medium
1537,Sara Ahmed,Female,Married,0,0,3,0,38,Dubai,Al Aweer,210,Al Aweer Villas,AAV,Al Aweer,0,505,55.489,25.1591,Priority family housing,Revised design,Executive housing initiative,Rejected by policy rule,Reviewed by housing head,143452463,2026-03-24,208,Loan,Rejected,2024-03-30,2024-04-17,0,1,18,893783,24922,Low
1538,Majid Hassan,Male,Married,0,0,2,1,36,Dubai,Al Khawaneej,207,Mizhar Community Homes,MCH,Al Khawaneej,0,556,55.4715,25.3059,Social support allocation,Efficient layout,Affordable housing initiative,Approved quickly,Priority heading,132051065,2026-07-17,127,Loan,Approved,2024-09-15,2024-10-01,1,0,16,588718,16212,High
1539,Omar Khalid,Male,Married,0,1,1,1,43,Dubai,Al Warqa,205,Jumeirah Villas,JV,Al Warqa,0,541,55.4158,25.2243,Single parent support,Compact design,Social initiative,Approved in committee,Needs policy revision,125120357,2026-04-22,127,Grant,Approved,2024-02-23,2024-03-10,1,0,16,756500,12604,High
1540,Abdulla Saeed,Male,Married,0,1,5,5,47,Dubai,Dubai South,209,Nad Al Sheba Homes,NSH,Dubai South,0,559,55.1633,24.9019,Regional demand case,Compact design,Social initiative,Approved by board,Priority heading,128282449,2026-01-29,282,Loan,Approved,2024-05-08,2024-05-20,1,0,12,981805,19825,High
1541,Yousef Nasser,Male,Married,0,0,2,0,40,Dubai,Al Warqa,201,Al Noor Housing Project,Noor,Al Warqa,0,559,55.4359,25.1924,Standard allocation,Standard design,Social initiative,Approved quickly,Escalated case,158923621,2025-07-03,186,Loan,Approved,2024-04-18,2024-05-01,1,0,13,1187904,15301,High
1542,Huda Rashid,Female,Married,0,0,3,2,30,Dubai,Nad Al Sheba,202,Al Rawda Villas,Rawda,Nad Al Sheba,0,546,55.3301,25.1674,Large family allocation,Luxury family layout,Women support initiative,Rejected due to eligibility,Open heading case,173613077,2026-01-07,199,Grant,Rejected,2024-07-24,2024-08-14,0,1,21,576003,16548,Low
1543,Ahmed Ali,Male,Married,0,0,2,0,59,Dubai,Al Barsha,204,Barsha Residences,BR,Al Barsha,0,524,55.2074,25.0902,Standard allocation,Concept pending,Women support initiative,Rejected by policy rule,Escalated case,88745018,2025-12-14,180,Loan,Rejected,2024-11-19,2024-12-17,0,1,28,1159557,22951,Low
1544,Amina Saeed,Female,Widow,1,0,4,2,42,Dubai,Al Aweer,203,Khawaneej Family Homes,KFH,Al Aweer,0,505,55.5191,25.1718,Priority family housing,Urban tower design,Women support initiative,Approved by board,Reviewed by manager,66128513,2026-06-19,219,Grant,Approved,2024-07-05,2024-07-24,1,0,19,1059108,13630,High
1545,Fatima Khalid,Female,Married,0,0,3,0,60,Dubai,Jumeirah,208,Dubai South Residences,DSR,Jumeirah,0,545,55.2185,25.195,Priority family housing,Efficient layout,Expansion initiative,Approved in committee,Low-risk heading,209368354,2026-07-24,167,Loan,Approved,2024-04-16,2024-04-29,1,0,13,1123948,12387,High
1546,Sara Ahmed,Female,Married,0,0,10,8,40,Dubai,Muhaisnah,201,Al Noor Housing Project,Noor,Muhaisnah,0,527,55.4662,25.277,Priority family housing,Urban tower design,Women support initiative,Approved in committee,Needs policy revision,73218971,2025-06-06,132,Grant,Approved,2024-02-06,2024-02-29,1,0,23,654212,18136,High
1547,Yousef Nasser,Male,Divorced,0,0,2,2,25,Dubai,Mirdif,202,Al Rawda Villas,Rawda,Mirdif,0,527,55.414,25.2362,Fast-track request,Concept pending,Women support initiative,Awaiting next review,Reviewed by housing head,207952174,2026-03-26,269,Loan,On Hold,2024-04-15,,0,0,,837471,30553,Medium
1548,Hamad Ali,Male,Married,0,1,4,4,40,Dubai,Al Khawaneej,203,Khawaneej Family Homes,KFH,Al Khawaneej,0,508,55.464,25.3286,Large family allocation,Urban tower design,Community support initiative,Approved quickly,Open heading case,73555773,2026-04-15,314,Grant,Approved,2024-10-16,2024-11-05,1,0,20,671246,19216,High
1549,Noora Ibrahim,Female,Widow,1,0,5,0,35,Dubai,Dubai South,205,Jumeirah Villas,JV,Dubai South,0,518,55.1731,24.8833,Standard allocation,Revised design,Phase 1 initiative,Approved quickly,Open heading case,139132259,2026-01-05,209,Grant,Approved,2024-05-17,2024-06-04,1,0,18,527746,24685,High
1550,Fatima Khalid,Female,Married,0,0,6,4,59,Dubai,Dubai South,203,Khawaneej Family Homes,KFH,Dubai South,0,522,55.1548,24.891,Standard allocation,Luxury family layout,Phase 1 initiative,Approved by board,Needs policy revision,72947152,2025-09-30,290,Grant,Approved,2024-06-24,2024-07-04,1,0,10,461817,13458,High
1551,Huda Rashid,Female,Married,0,0,3,1,27,Dubai,Dubai South,202,Al Rawda Villas,Rawda,Dubai South,0,550,55.1795,24.8815,Single parent support,Compact design,Expansion initiative,Approved by board,Needs policy revision,210253126,2025-07-09,303,Loan,Approved,2024-03-28,2024-04-14,1,0,17,672843,12512,High
1552,Abdulla Saeed,Male,Married,0,1,2,2,26,Dubai,Al Barsha,209,Nad Al Sheba Homes,NSH,Al Barsha,0,544,55.1925,25.0942,Regional demand case,Revised design,Phase 1 initiative,Rejected by policy rule,Priority heading,186270572,2025-11-03,219,Grant,Rejected,2024-10-28,2024-11-18,0,1,21,904574,12207,Low
1553,Hamad Ali,Male,Divorced,0,0,6,0,50,Dubai,Mirdif,206,Muhaisnah Housing,MH,Mirdif,0,540,55.448,25.2213,Special widow case,Urban tower design,Community support initiative,Approved by board,Priority heading,106851084,2025-09-01,305,Loan,Approved,2024-03-23,2024-04-08,1,0,16,512532,21143,High
1554,Salem Rashid,Male,Single,0,0,9,5,37,Dubai,Al Khawaneej,201,Al Noor Housing Project,Noor,Al Khawaneej,0,518,55.4769,25.2958,Standard allocation,Urban tower design,Women support initiative,Rejected after review,Priority heading,149662887,2025-07-19,171,Loan,Rejected,2024-04-11,2024-05-07,0,1,26,760660,18539,Low
1555,Noora Ibrahim,Female,Divorced,0,0,2,0,48,Dubai,Al Khawaneej,208,Dubai South Residences,DSR,Al Khawaneej,0,524,55.4547,25.3023,Single parent support,Concept pending,Executive housing initiative,Rejected by policy rule,Reviewed by manager,71216817,2026-03-28,223,Grant,Rejected,2024-10-10,2024-11-05,0,1,26,877118,26076,Low
1556,Latifa Omar,Female,Widow,1,0,3,2,34,Dubai,Jumeirah,202,Al Rawda Villas,Rawda,Jumeirah,0,503,55.2298,25.1843,Regional demand case,Standard design,Executive housing initiative,Approved by board,Reviewed by manager,109524431,2025-12-15,133,Grant,Approved,2024-10-06,2024-10-16,1,0,10,525008,17859,High
1557,Yousef Nasser,Male,Married,0,0,0,0,52,Dubai,Al Barsha,201,Al Noor Housing Project,Noor,Al Barsha,0,524,55.2052,25.1212,Fast-track request,Urban tower design,Women support initiative,Rejected after review,Needs policy revision,118131356,2026-02-07,307,Loan,Rejected,2024-09-14,2024-10-09,0,1,25,1167630,20919,Low
1558,Huda Rashid,Female,Married,0,0,7,0,36,Dubai,Mirdif,203,Khawaneej Family Homes,KFH,Mirdif,0,508,55.4453,25.2288,Special widow case,Urban tower design,Women support initiative,Approved with remarks,Needs policy revision,152651316,2025-06-28,135,Loan,Approved,2024-08-07,2024-08-19,1,0,12,1153864,17139,High
1559,Latifa Omar,Female,Married,0,0,1,1,26,Dubai,Al Aweer,202,Al Rawda Villas,Rawda,Al Aweer,0,506,55.509,25.1405,Regional demand case,Concept pending,Women support initiative,Rejected by policy rule,Priority heading,184623891,2026-02-28,292,Loan,Rejected,2024-04-18,2024-05-09,0,1,21,952374,25876,Low
1560,Latifa Omar,Female,Married,0,0,2,1,31,Dubai,Muhaisnah,202,Al Rawda Villas,Rawda,Muhaisnah,0,509,55.4426,25.2823,Standard allocation,Urban tower design,Expansion initiative,Approved in committee,Reviewed by housing head,111856894,2025-10-04,167,Grant,Approved,2024-10-31,2024-11-16,1,0,16,1140423,23197,High
1561,Abdulla Saeed,Male,Married,0,0,2,1,38,Dubai,Jumeirah,205,Jumeirah Villas,JV,Jumeirah,0,533,55.215,25.202,Pending document allocation,Concept pending,Affordable housing initiative,Awaiting next committee,Reviewed by manager,93037322,2026-06-15,295,Loan,In Progress,2024-08-02,,0,0,,1116388,19191,Medium
1562,Yousef Nasser,Male,Married,0,1,1,1,38,Dubai,Al Aweer,205,Jumeirah Villas,JV,Al Aweer,0,545,55.5015,25.1447,Large family allocation,Standard design,Executive housing initiative,Approved by board,Priority heading,138994190,2026-03-15,282,Grant,Approved,2024-05-15,2024-05-26,1,0,11,1164428,13685,High
1563,Amina Saeed,Female,Divorced,0,0,2,2,61,Dubai,Al Warqa,202,Al Rawda Villas,Rawda,Al Warqa,0,543,55.4015,25.2178,Standard allocation,Standard design,Affordable housing initiative,On hold pending documents,Family support case,147175332,2026-03-03,274,Grant,On Hold,2024-01-27,,0,0,,781961,13570,Medium
1564,Maha Nasser,Female,Married,0,0,5,4,54,Dubai,Al Aweer,201,Al Noor Housing Project,Noor,Al Aweer,1,507,55.489,25.15,Large family allocation,Revised design,Community support initiative,Approved by board,Low-risk heading,88469572,2025-10-26,154,Grant,Approved,2024-11-17,2024-12-10,1,0,23,476371,27976,High
1565,Fatima Khalid,Female,Single,0,0,3,0,33,Dubai,Al Khawaneej,207,Mizhar Community Homes,MCH,Al Khawaneej,0,544,55.4602,25.3172,Fast-track request,Concept pending,Affordable housing initiative,Approved by board,Priority heading,142414097,2026-02-02,288,Grant,Approved,2024-08-19,2024-09-05,1,0,17,1053712,22932,High
1566,Hamad Ali,Male,Married,0,1,5,5,44,Dubai,Nad Al Sheba,208,Dubai South Residences,DSR,Nad Al Sheba,0,509,55.3186,25.1532,Large family allocation,Modern villa design,Phase 1 initiative,Pending manager review,Escalated case,164943517,2025-08-17,271,Grant,In Progress,2024-04-19,,0,0,,498737,13396,Medium
1567,Amina Saeed,Female,Single,0,0,4,4,60,Dubai,Al Mizhar,208,Dubai South Residences,DSR,Al Mizhar,0,519,55.4376,25.2421,Standard allocation,Standard design,Expansion initiative,Approved by board,Reviewed by housing head,186808702,2025-10-18,292,Loan,Approved,2024-01-28,2024-02-17,1,0,20,676640,20736,High
1568,Latifa Omar,Female,Widow,1,0,4,3,62,Dubai,Nad Al Sheba,207,Mizhar Community Homes,MCH,Nad Al Sheba,0,509,55.3273,25.1601,Large family allocation,Standard design,Expansion initiative,Approved quickly,Open heading case,210734339,2025-07-24,181,Loan,Approved,2024-06-14,2024-06-30,1,0,16,550980,19062,High
1569,Khaled Omar,Male,Single,0,0,2,0,35,Dubai,Al Mizhar,206,Muhaisnah Housing,MH,Al Mizhar,0,551,55.4473,25.2343,Social support allocation,Luxury family layout,Social initiative,Pending review,Open heading case,98505742,2025-07-26,160,Loan,In Progress,2024-07-04,,0,0,,532663,26241,Medium
1570,Noora Ibrahim,Female,Widow,1,0,1,0,45,Dubai,Dubai South,210,Al Aweer Villas,AAV,Dubai South,0,531,55.1706,24.8827,Social support allocation,Standard design,Phase 1 initiative,Awaiting next committee,Escalated case,195897046,2026-02-22,258,Loan,In Progress,2024-02-06,,0,0,,732859,29650,Medium
1571,Maryam Hassan,Female,Married,0,0,4,2,48,Dubai,Al Warqa,206,Muhaisnah Housing,MH,Al Warqa,0,527,55.4359,25.2053,Priority family housing,Modern villa design,Women support initiative,Approved in committee,Reviewed by manager,207572767,2025-10-06,296,Grant,Approved,2024-10-14,2024-10-26,1,0,12,663544,13283,High
1572,Khaled Omar,Male,Married,0,0,2,2,47,Dubai,Mirdif,201,Al Noor Housing Project,Noor,Mirdif,1,544,55.4494,25.2058,Pending document allocation,Concept pending,Expansion initiative,Approved by board,Open heading case,180371805,2026-06-10,197,Grant,Approved,2024-05-27,2024-06-08,1,0,12,909568,19167,High
1573,Fatima Khalid,Female,Married,0,0,3,1,48,Dubai,Al Khawaneej,201,Al Noor Housing Project,Noor,Al Khawaneej,0,542,55.4523,25.3135,Regional demand case,Standard design,Affordable housing initiative,Rejected by policy rule,Reviewed by manager,74115412,2026-05-30,125,Grant,Rejected,2024-11-12,2024-12-06,0,1,24,617182,23180,Low
1574,Huda Rashid,Female,Widow,1,0,4,2,56,Dubai,Al Aweer,204,Barsha Residences,BR,Al Aweer,0,506,55.4982,25.1719,Single parent support,Efficient layout,Executive housing initiative,Approved in committee,Escalated case,71023581,2025-07-11,226,Loan,Approved,2024-02-13,2024-03-03,1,0,19,695703,19670,High
1575,Maryam Hassan,Female,Widow,1,0,1,0,34,Dubai,Al Barsha,202,Al Rawda Villas,Rawda,Al Barsha,0,514,55.1824,25.1052,Social support allocation,Revised design,Expansion initiative,Rejected by policy rule,Needs policy revision,104463261,2026-05-26,133,Grant,Rejected,2024-10-24,2024-11-12,0,1,19,1073081,18518,Low
1576,Majid Hassan,Male,Married,0,1,3,0,42,Dubai,Al Barsha,204,Barsha Residences,BR,Al Barsha,0,535,55.1982,25.0902,Fast-track request,Concept pending,Expansion initiative,Approved with remarks,Open heading case,171911434,2026-02-07,220,Grant,Approved,2024-04-28,2024-05-20,1,0,22,802108,12622,High
1577,Hamad Ali,Male,Married,0,1,4,3,39,Dubai,Dubai South,201,Al Noor Housing Project,Noor,Dubai South,0,534,55.1792,24.9079,Fast-track request,Compact design,Affordable housing initiative,Approved with remarks,Needs policy revision,154829004,2025-07-26,283,Loan,Approved,2024-08-09,2024-08-31,1,0,22,718347,12117,High
1578,Maha Nasser,Female,Married,0,0,2,1,31,Dubai,Mirdif,208,Dubai South Residences,DSR,Mirdif,0,514,55.4391,25.2347,Special widow case,Concept pending,Expansion initiative,Approved quickly,Reviewed in heading notes,148031359,2025-07-08,270,Loan,Approved,2024-09-10,2024-09-29,1,0,19,983678,22401,High
1579,Omar Khalid,Male,Single,0,0,1,1,24,Dubai,Al Mizhar,206,Muhaisnah Housing,MH,Al Mizhar,1,526,55.4234,25.2719,Regional demand case,Revised design,Executive housing initiative,Awaiting next committee,Low-risk heading,194126902,2025-09-05,311,Loan,In Progress,2024-04-19,,0,0,,655692,18746,Medium
1580,Sara Ahmed,Female,Single,0,0,1,0,39,Dubai,Jumeirah,207,Mizhar Community Homes,MCH,Jumeirah,0,512,55.2476,25.2106,Social support allocation,Modern villa design,Affordable housing initiative,Approved with remarks,Reviewed by manager,179210914,2025-09-26,298,Grant,Approved,2024-02-17,2024-03-11,1,0,23,737922,12358,High
1581,Maryam Hassan,Female,Widow,1,0,4,3,49,Dubai,Al Aweer,203,Khawaneej Family Homes,KFH,Al Aweer,0,556,55.4848,25.1624,Special widow case,Concept pending,Women support initiative,On hold pending documents,Priority heading,104712435,2025-09-08,287,Grant,On Hold,2024-03-10,,0,0,,1029334,25675,Medium
1582,Latifa Omar,Female,Divorced,0,0,6,1,52,Dubai,Mirdif,205,Jumeirah Villas,JV,Mirdif,0,507,55.4372,25.2162,Fast-track request,Efficient layout,Expansion initiative,Approved by board,Needs policy revision,129852178,2025-11-06,159,Loan,Approved,2024-01-21,2024-02-13,1,0,23,862197,29883,High
1583,Salem Rashid,Male,Divorced,0,0,2,0,61,Dubai,Jumeirah,210,Al Aweer Villas,AAV,Jumeirah,0,523,55.2295,25.1882,Standard allocation,Compact design,Expansion initiative,Pending review,Reviewed by housing head,211977854,2025-10-25,173,Grant,In Progress,2024-02-10,,0,0,,555634,25366,Medium
1584,Majid Hassan,Male,Married,0,1,1,1,50,Dubai,Al Khawaneej,204,Barsha Residences,BR,Al Khawaneej,0,531,55.4398,25.3072,Pending document allocation,Compact design,Affordable housing initiative,Approved in committee,Reviewed by housing head,193466237,2026-07-12,317,Grant,Approved,2024-01-01,2024-01-22,1,0,21,693434,12095,High
1585,Khaled Omar,Male,Divorced,0,0,1,1,53,Dubai,Dubai South,210,Al Aweer Villas,AAV,Dubai South,0,540,55.1627,24.8971,Priority family housing,Compact design,Affordable housing initiative,Approved in committee,Open heading case,210282925,2025-07-08,259,Grant,Approved,2024-09-08,2024-09-18,1,0,10,950641,19436,High
1586,Majid Hassan,Male,Married,0,0,3,1,46,Dubai,Al Warqa,207,Mizhar Community Homes,MCH,Al Warqa,0,559,55.4233,25.1955,Priority family housing,Revised design,Phase 1 initiative,Rejected due to eligibility,Low-risk heading,146089949,2026-04-21,190,Grant,Rejected,2024-02-23,2024-03-12,0,1,18,723672,13578,Low
1587,Noora Ibrahim,Female,Married,0,0,2,1,55,Dubai,Al Aweer,206,Muhaisnah Housing,MH,Al Aweer,0,548,55.5092,25.1611,Priority family housing,Standard design,Community support initiative,Approved by board,Low-risk heading,106985712,2026-02-14,135,Loan,Approved,2024-08-04,2024-08-28,1,0,24,1034980,31582,High
1588,Sara Ahmed,Female,Married,0,0,3,0,49,Dubai,Nad Al Sheba,202,Al Rawda Villas,Rawda,Nad Al Sheba,0,522,55.309,25.1538,Single parent support,Urban tower design,Social initiative,Rejected after review,Low-risk heading,138218057,2025-07-05,159,Grant,Rejected,2024-02-26,2024-03-12,0,1,15,1169621,27624,Low
1589,Maryam Hassan,Female,Married,0,0,3,0,30,Dubai,Al Warqa,203,Khawaneej Family Homes,KFH,Al Warqa,0,507,55.4142,25.2061,Regional demand case,Revised design,Women support initiative,Approved quickly,Reviewed by housing head,95449520,2025-08-11,297,Loan,Approved,2024-09-05,2024-09-23,1,0,18,1051163,27970,High
1590,Khaled Omar,Male,Married,0,1,4,1,24,Dubai,Mirdif,204,Barsha Residences,BR,Mirdif,0,505,55.4277,25.2073,Regional demand case,Urban tower design,Social initiative,Rejected by policy rule,Needs policy revision,146029457,2025-09-26,291,Loan,Rejected,2024-01-07,2024-02-01,0,1,25,746878,14502,Low
1591,Amina Saeed,Female,Widow,1,0,1,1,51,Dubai,Dubai South,206,Muhaisnah Housing,MH,Dubai South,0,534,55.1491,24.8969,Pending document allocation,Standard design,Women support initiative,Approved quickly,Open heading case,96311808,2026-06-21,154,Grant,Approved,2024-03-24,2024-04-04,1,0,11,451670,12711,High
1592,Noora Ibrahim,Female,Widow,1,0,2,0,60,Dubai,Al Khawaneej,204,Barsha Residences,BR,Al Khawaneej,0,542,55.4732,25.2946,Pending document allocation,Standard design,Phase 1 initiative,Rejected due to eligibility,Family support case,169256843,2025-11-22,316,Grant,Rejected,2024-10-21,2024-11-10,0,1,20,853798,16990,Low
1593,Sara Ahmed,Female,Married,0,0,3,3,36,Dubai,Muhaisnah,208,Dubai South Residences,DSR,Muhaisnah,0,530,55.4493,25.2633,Standard allocation,Compact design,Women support initiative,Approved in committee,Reviewed by housing head,109034136,2026-04-22,236,Loan,Approved,2024-10-31,2024-11-22,1,0,22,604714,14240,High
1594,Sara Ahmed,Female,Married,0,0,7,5,37,Dubai,Muhaisnah,208,Dubai South Residences,DSR,Muhaisnah,1,540,55.4551,25.2787,Regional demand case,Compact design,Phase 1 initiative,Approved in committee,Reviewed in heading notes,197185405,2026-07-20,205,Grant,Approved,2024-11-14,2024-12-02,1,0,18,1025584,29833,High
1595,Huda Rashid,Female,Widow,1,0,5,4,50,Dubai,Jumeirah,207,Mizhar Community Homes,MCH,Jumeirah,0,546,55.2493,25.1903,Regional demand case,Concept pending,Social initiative,Approved with remarks,Low-risk heading,140384541,2025-08-26,157,Grant,Approved,2024-05-07,2024-05-21,1,0,14,643994,24011,High
1596,Amina Saeed,Female,Divorced,0,0,3,3,52,Dubai,Al Warqa,206,Muhaisnah Housing,MH,Al Warqa,1,528,55.4032,25.2095,Pending document allocation,Modern villa design,Social initiative,Approved by board,Escalated case,77539565,2025-08-26,225,Loan,Approved,2024-10-13,2024-11-06,1,0,24,1050478,25271,High
1597,Majid Hassan,Male,Married,0,1,4,3,40,Dubai,Al Khawaneej,202,Al Rawda Villas,Rawda,Al Khawaneej,0,510,55.4431,25.3142,Pending document allocation,Efficient layout,Community support initiative,Approved in committee,Reviewed by housing head,194383716,2025-09-11,286,Loan,Approved,2024-02-08,2024-03-02,1,0,23,876043,27036,High
1598,Khaled Omar,Male,Married,0,1,2,0,56,Dubai,Muhaisnah,208,Dubai South Residences,DSR,Muhaisnah,0,559,55.4425,25.2505,Standard allocation,Revised design,Social initiative,Deferred for clarification,Escalated case,146940474,2026-07-14,166,Loan,On Hold,2024-03-22,,0,0,,970689,26293,Medium
1599,Fatima Khalid,Female,Single,0,0,2,1,58,Dubai,Al Aweer,209,Nad Al Sheba Homes,NSH,Al Aweer,0,506,55.4908,25.1415,Social support allocation,Standard design,Executive housing initiative,Approved quickly,Reviewed by housing head,144173750,2026-02-07,156,Loan,Approved,2024-04-23,2024-05-05,1,0,12,1169999,18941,High
1600,Huda Rashid,Female,Married,0,0,0,0,46,Dubai,Jumeirah,209,Nad Al Sheba Homes,NSH,Jumeirah,1,504,55.2357,25.1966,Special widow case,Standard design,Social initiative,Approved by board,Escalated case,81997034,2025-07-04,172,Loan,Approved,2024-04-10,2024-04-23,1,0,13,561318,18183,High
1601,Fatima Khalid,Female,Married,0,0,7,0,61,Dubai,Al Barsha,210,Al Aweer Villas,AAV,Al Barsha,0,507,55.1998,25.0996,Standard allocation,Modern villa design,Expansion initiative,Approved by board,Reviewed in heading notes,121050932,2025-09-27,278,Loan,Approved,2024-05-21,2024-06-14,1,0,24,752406,25229,High
1602,Noora Ibrahim,Female,Married,0,0,5,1,32,Dubai,Jumeirah,210,Al Aweer Villas,AAV,Jumeirah,0,550,55.233,25.2026,Special widow case,Modern villa design,Community support initiative,Approved quickly,Open heading case,168153145,2026-05-26,222,Grant,Approved,2024-05-01,2024-05-13,1,0,12,753648,13371,High
1603,Amina Saeed,Female,Widow,1,0,5,1,24,Dubai,Nad Al Sheba,202,Al Rawda Villas,Rawda,Nad Al Sheba,0,548,55.3398,25.1685,Single parent support,Standard design,Social initiative,Approved by board,Escalated case,148535154,2025-09-02,303,Grant,Approved,2024-04-19,2024-05-11,1,0,22,810179,29729,High
1604,Salem Rashid,Male,Married,0,1,5,4,24,Dubai,Al Warqa,204,Barsha Residences,BR,Al Warqa,0,506,55.4212,25.1916,Social support allocation,Compact design,Affordable housing initiative,Approved by board,Reviewed by manager,166020504,2025-08-09,131,Loan,Approved,2024-05-30,2024-06-09,1,0,10,908738,30153,High
1605,Majid Hassan,Male,Single,0,0,3,3,54,Dubai,Al Warqa,206,Muhaisnah Housing,MH,Al Warqa,0,516,55.4076,25.2169,Large family allocation,Urban tower design,Community support initiative,Approved in committee,Needs policy revision,175342874,2025-12-03,223,Loan,Approved,2024-04-24,2024-05-11,1,0,17,780486,31206,High
1606,Maha Nasser,Female,Married,0,0,0,0,61,Dubai,Al Barsha,210,Al Aweer Villas,AAV,Al Barsha,0,538,55.1854,25.1046,Single parent support,Revised design,Executive housing initiative,Rejected due to eligibility,Reviewed by housing head,146975080,2026-07-24,287,Loan,Rejected,2024-05-30,2024-06-13,0,1,14,913873,18996,Low
1607,Abdulla Saeed,Male,Married,0,0,4,0,61,Dubai,Muhaisnah,207,Mizhar Community Homes,MCH,Muhaisnah,0,516,55.476,25.258,Priority family housing,Efficient layout,Women support initiative,On hold pending documents,Reviewed in heading notes,170176022,2026-04-06,295,Loan,On Hold,2024-01-10,,0,0,,845805,18815,Medium
1608,Khaled Omar,Male,Divorced,0,0,2,1,55,Dubai,Mirdif,204,Barsha Residences,BR,Mirdif,0,509,55.4524,25.2281,Social support allocation,Luxury family layout,Women support initiative,Rejected after review,Reviewed in heading notes,77600767,2026-07-24,273,Loan,Rejected,2024-04-20,2024-05-17,0,1,27,506357,23773,Low
1609,Fatima Khalid,Female,Married,0,0,0,0,53,Dubai,Mirdif,209,Nad Al Sheba Homes,NSH,Mirdif,0,558,55.4368,25.2332,Special widow case,Standard design,Social initiative,Approved by board,Reviewed by manager,184313527,2026-07-16,266,Grant,Approved,2024-02-19,2024-03-14,1,0,24,1094990,24564,High
1610,Omar Khalid,Male,Single,0,0,2,0,51,Dubai,Muhaisnah,204,Barsha Residences,BR,Muhaisnah,0,551,55.4707,25.26,Social support allocation,Modern villa design,Affordable housing initiative,Awaiting next committee,Priority heading,210107476,2026-05-01,320,Grant,In Progress,2024-10-23,,0,0,,1106220,15143,Medium
1611,Huda Rashid,Female,Married,0,0,4,1,47,Dubai,Nad Al Sheba,209,Nad Al Sheba Homes,NSH,Nad Al Sheba,0,521,55.3093,25.1532,Social support allocation,Concept pending,Affordable housing initiative,Approved by board,Escalated case,66918075,2025-11-27,318,Loan,Approved,2024-04-12,2024-04-25,1,0,13,504168,28888,High
1612,Amina Saeed,Female,Married,0,0,1,0,30,Dubai,Nad Al Sheba,208,Dubai South Residences,DSR,Nad Al Sheba,0,548,55.334,25.1602,Social support allocation,Standard design,Women support initiative,Rejected by policy rule,Escalated case,207553072,2025-08-31,292,Loan,Rejected,2024-08-23,2024-09-12,0,1,20,654767,19716,Low
1613,Latifa Omar,Female,Single,0,0,0,0,55,Dubai,Al Warqa,210,Al Aweer Villas,AAV,Al Warqa,0,511,55.4034,25.2157,Large family allocation,Revised design,Phase 1 initiative,Approved with remarks,Family support case,98121280,2026-06-04,220,Loan,Approved,2024-10-11,2024-10-22,1,0,11,1070940,18101,High
1614,Omar Khalid,Male,Divorced,0,0,3,2,34,Dubai,Nad Al Sheba,204,Barsha Residences,BR,Nad Al Sheba,0,555,55.3148,25.1722,Large family allocation,Efficient layout,Women support initiative,Approved in committee,Reviewed in heading notes,81521539,2026-05-19,198,Grant,Approved,2024-05-19,2024-06-05,1,0,17,1164202,30892,High
1615,Khaled Omar,Male,Married,0,1,1,1,29,Dubai,Al Aweer,210,Al Aweer Villas,AAV,Al Aweer,0,528,55.486,25.1585,Single parent support,Standard design,Affordable housing initiative,Awaiting next review,Priority heading,185139834,2025-08-26,308,Grant,On Hold,2024-03-03,,0,0,,1166663,16029,Medium
1616,Hamad Ali,Male,Married,0,1,2,2,44,Dubai,Al Aweer,202,Al Rawda Villas,Rawda,Al Aweer,0,535,55.4958,25.1709,Social support allocation,Revised design,Women support initiative,Rejected after review,Escalated case,147209158,2025-11-07,155,Loan,Rejected,2024-09-25,2024-10-10,0,1,15,890203,28005,Low
1617,Maha Nasser,Female,Widow,1,0,0,0,55,Dubai,Al Aweer,207,Mizhar Community Homes,MCH,Al Aweer,0,558,55.51,25.1678,Large family allocation,Urban tower design,Women support initiative,Pending manager review,Needs policy revision,207286686,2026-04-27,165,Grant,In Progress,2024-02-29,,0,0,,666912,25705,Medium
1618,Latifa Omar,Female,Married,0,0,5,4,57,Dubai,Al Aweer,201,Al Noor Housing Project,Noor,Al Aweer,0,546,55.5036,25.174,Priority family housing,Urban tower design,Executive housing initiative,Rejected due to eligibility,Reviewed in heading notes,192535547,2025-08-01,138,Loan,Rejected,2024-07-03,2024-07-26,0,1,23,1085827,13640,Low
1619,Khaled Omar,Male,Single,0,0,3,2,42,Dubai,Al Warqa,203,Khawaneej Family Homes,KFH,Al Warqa,0,530,55.429,25.2138,Large family allocation,Luxury family layout,Affordable housing initiative,Approved by board,Low-risk heading,95141560,2025-10-03,213,Loan,Approved,2024-08-13,2024-08-28,1,0,15,1066697,28983,High
1620,Amina Saeed,Female,Married,0,0,3,1,62,Dubai,Al Aweer,209,Nad Al Sheba Homes,NSH,Al Aweer,0,535,55.4888,25.1578,Social support allocation,Compact design,Phase 1 initiative,Approved with remarks,Low-risk heading,65776978,2025-11-25,157,Grant,Approved,2024-10-18,2024-11-03,1,0,16,952118,28517,High
1621,Maha Nasser,Female,Single,0,0,4,1,38,Dubai,Mirdif,206,Muhaisnah Housing,MH,Mirdif,0,535,55.4366,25.2298,Single parent support,Efficient layout,Social initiative,Awaiting next committee,Reviewed by manager,126884030,2026-01-11,165,Grant,In Progress,2024-05-05,,0,0,,481999,24733,Medium
1622,Fatima Khalid,Female,Divorced,0,0,1,0,38,Dubai,Jumeirah,203,Khawaneej Family Homes,KFH,Jumeirah,0,503,55.2198,25.2101,Special widow case,Concept pending,Women support initiative,Approved with remarks,Open heading case,123903167,2025-11-03,184,Grant,Approved,2024-03-26,2024-04-10,1,0,15,1106921,23450,High
1623,Abdulla Saeed,Male,Married,0,0,0,0,26,Dubai,Jumeirah,205,Jumeirah Villas,JV,Jumeirah,0,502,55.2491,25.1893,Regional demand case,Revised design,Social initiative,Approved with remarks,Family support case,100112858,2026-06-27,270,Grant,Approved,2024-10-01,2024-10-19,1,0,18,810780,12170,High
1624,Latifa Omar,Female,Married,0,0,0,0,58,Dubai,Muhaisnah,204,Barsha Residences,BR,Muhaisnah,1,530,55.4741,25.2608,Pending document allocation,Compact design,Community support initiative,Approved by board,Escalated case,171507238,2025-10-06,181,Grant,Approved,2024-07-06,2024-07-20,1,0,14,1056029,21670,High
1625,Amina Saeed,Female,Married,0,0,0,0,32,Dubai,Al Khawaneej,203,Khawaneej Family Homes,KFH,Al Khawaneej,0,557,55.4382,25.3026,Standard allocation,Standard design,Social initiative,Approved in committee,Reviewed by manager,173714785,2026-01-21,224,Grant,Approved,2024-01-19,2024-02-04,1,0,16,1180352,24092,High
1626,Ahmed Ali,Male,Married,0,0,4,0,35,Dubai,Al Aweer,202,Al Rawda Villas,Rawda,Al Aweer,0,518,55.4819,25.166,Pending document allocation,Concept pending,Community support initiative,Approved with remarks,Reviewed by housing head,203134487,2026-03-27,273,Loan,Approved,2024-02-17,2024-03-02,1,0,14,594823,24776,High
1627,Maryam Hassan,Female,Single,0,0,5,1,28,Dubai,Jumeirah,201,Al Noor Housing Project,Noor,Jumeirah,0,501,55.231,25.204,Special widow case,Compact design,Executive housing initiative,Pending manager review,Reviewed by housing head,205873576,2025-06-05,222,Grant,In Progress,2024-05-13,,0,0,,593642,12308,Medium
1628,Ahmed Ali,Male,Married,0,0,4,1,24,Dubai,Al Warqa,207,Mizhar Community Homes,MCH,Al Warqa,0,560,55.4353,25.2227,Pending document allocation,Urban tower design,Community support initiative,Approved with remarks,Reviewed by manager,97740710,2026-06-22,142,Loan,Approved,2024-05-07,2024-05-19,1,0,12,1103099,21987,High
1629,Yousef Nasser,Male,Married,0,1,3,0,56,Dubai,Nad Al Sheba,201,Al Noor Housing Project,Noor,Nad Al Sheba,0,529,55.3394,25.1557,Priority family housing,Concept pending,Social initiative,Pending manager review,Needs policy revision,126077939,2025-11-07,245,Grant,In Progress,2024-10-01,,0,0,,893062,19165,Medium
1630,Ahmed Ali,Male,Married,0,1,4,2,59,Dubai,Jumeirah,203,Khawaneej Family Homes,KFH,Jumeirah,1,537,55.2373,25.1887,Large family allocation,Efficient layout,Women support initiative,Approved in committee,Needs policy revision,102190634,2026-06-08,122,Loan,Approved,2024-11-17,2024-12-10,1,0,23,529305,26858,High
1631,Noora Ibrahim,Female,Widow,1,0,4,2,45,Dubai,Mirdif,210,Al Aweer Villas,AAV,Mirdif,0,558,55.4417,25.23,Standard allocation,Concept pending,Community support initiative,Approved by board,Needs policy revision,200325778,2026-01-20,251,Loan,Approved,2024-06-13,2024-06-29,1,0,16,671439,20261,High
1632,Huda Rashid,Female,Single,0,0,2,1,60,Dubai,Dubai South,201,Al Noor Housing Project,Noor,Dubai South,0,535,55.1719,24.9044,Social support allocation,Revised design,Social initiative,Rejected due to eligibility,Reviewed by manager,76804274,2025-08-05,287,Loan,Rejected,2024-01-28,2024-02-14,0,1,17,1134406,24028,Low
1633,Maha Nasser,Female,Widow,1,0,3,1,27,Dubai,Al Barsha,202,Al Rawda Villas,Rawda,Al Barsha,1,555,55.2019,25.1155,Large family allocation,Modern villa design,Affordable housing initiative,Approved with remarks,Family support case,196543878,2026-06-19,315,Grant,Approved,2024-06-26,2024-07-09,1,0,13,873773,15131,High
1634,Salem Rashid,Male,Married,0,0,1,0,26,Dubai,Al Barsha,209,Nad Al Sheba Homes,NSH,Al Barsha,1,536,55.1995,25.111,Pending document allocation,Concept pending,Phase 1 initiative,Approved in committee,Open heading case,94255903,2025-11-28,216,Grant,Approved,2024-07-20,2024-08-02,1,0,13,515053,28535,High
1635,Fatima Khalid,Female,Single,0,0,5,5,28,Dubai,Al Barsha,204,Barsha Residences,BR,Al Barsha,0,519,55.181,25.1126,Standard allocation,Concept pending,Community support initiative,Rejected by policy rule,Priority heading,178469592,2026-04-10,265,Grant,Rejected,2024-05-13,2024-06-03,0,1,21,697637,20839,Low
1636,Fatima Khalid,Female,Widow,1,0,0,0,25,Dubai,Al Barsha,203,Khawaneej Family Homes,KFH,Al Barsha,0,538,55.1863,25.1048,Special widow case,Efficient layout,Women support initiative,Pending review,Priority heading,187914347,2025-09-13,316,Grant,In Progress,2024-03-24,,0,0,,1137614,16770,Medium
1637,Salem Rashid,Male,Married,0,1,1,0,40,Dubai,Nad Al Sheba,201,Al Noor Housing Project,Noor,Nad Al Sheba,0,510,55.3245,25.1462,Regional demand case,Luxury family layout,Executive housing initiative,Approved in committee,Open heading case,206889375,2026-05-20,231,Grant,Approved,2024-11-25,2024-12-11,1,0,16,464029,14818,High
1638,Maha Nasser,Female,Widow,1,0,0,0,54,Dubai,Muhaisnah,201,Al Noor Housing Project,Noor,Muhaisnah,0,501,55.4693,25.2499,Priority family housing,Compact design,Phase 1 initiative,Approved with remarks,Reviewed by manager,126017534,2025-06-27,240,Loan,Approved,2024-04-06,2024-04-27,1,0,21,481311,22594,High
1639,Salem Rashid,Male,Single,0,0,4,1,53,Dubai,Al Mizhar,207,Mizhar Community Homes,MCH,Al Mizhar,0,510,55.4571,25.2401,Regional demand case,Efficient layout,Community support initiative,Approved with remarks,Open heading case,216971741,2025-08-26,121,Grant,Approved,2024-10-08,2024-10-20,1,0,12,457666,31176,High
1640,Huda Rashid,Female,Married,0,0,0,0,34,Dubai,Dubai South,203,Khawaneej Family Homes,KFH,Dubai South,0,544,55.1782,24.895,Social support allocation,Efficient layout,Affordable housing initiative,Approved with remarks,Reviewed by manager,84329834,2026-06-07,223,Loan,Approved,2024-01-19,2024-02-09,1,0,21,478981,20147,High
1641,Maryam Hassan,Female,Married,0,0,6,4,53,Dubai,Al Warqa,208,Dubai South Residences,DSR,Al Warqa,0,536,55.42,25.2006,Single parent support,Concept pending,Women support initiative,Approved quickly,Priority heading,88469650,2025-12-10,262,Grant,Approved,2024-06-11,2024-06-24,1,0,13,495183,26007,High
1642,Khaled Omar,Male,Married,0,0,4,4,43,Dubai,Al Khawaneej,201,Al Noor Housing Project,Noor,Al Khawaneej,0,537,55.4715,25.3045,Pending document allocation,Modern villa design,Affordable housing initiative,Approved quickly,Family support case,104778635,2025-11-30,183,Grant,Approved,2024-04-08,2024-04-18,1,0,10,617885,13049,High
1643,Omar Khalid,Male,Married,0,1,0,0,33,Dubai,Mirdif,201,Al Noor Housing Project,Noor,Mirdif,0,506,55.4473,25.2188,Large family allocation,Standard design,Expansion initiative,On hold pending documents,Escalated case,113732160,2026-01-24,202,Grant,On Hold,2024-01-07,,0,0,,648952,25761,Medium
1644,Omar Khalid,Male,Married,0,1,6,6,41,Dubai,Nad Al Sheba,209,Nad Al Sheba Homes,NSH,Nad Al Sheba,0,547,55.3184,25.1537,Standard allocation,Efficient layout,Phase 1 initiative,Approved quickly,Priority heading,122345112,2026-05-03,268,Loan,Approved,2024-06-15,2024-06-29,1,0,14,879281,26016,High
1645,Fatima Khalid,Female,Divorced,0,0,3,3,58,Dubai,Al Warqa,201,Al Noor Housing Project,Noor,Al Warqa,0,515,55.4398,25.2044,Large family allocation,Concept pending,Social initiative,Rejected after review,Reviewed by manager,135408843,2025-10-09,299,Loan,Rejected,2024-06-14,2024-07-05,0,1,21,460401,23977,Low
1646,Maryam Hassan,Female,Married,0,0,3,2,25,Dubai,Jumeirah,202,Al Rawda Villas,Rawda,Jumeirah,0,518,55.2319,25.1887,Social support allocation,Urban tower design,Executive housing initiative,Approved by board,Reviewed in heading notes,98901361,2025-12-09,276,Loan,Approved,2024-08-11,2024-09-02,1,0,22,773804,31125,High
1647,Yousef Nasser,Male,Married,0,1,2,0,29,Dubai,Al Warqa,201,Al Noor Housing Project,Noor,Al Warqa,0,538,55.4184,25.1884,Priority family housing,Modern villa design,Community support initiative,Pending manager review,Escalated case,85041612,2026-05-02,144,Grant,In Progress,2024-09-01,,0,0,,883240,12720,Medium
1648,Hamad Ali,Male,Single,0,0,3,1,33,Dubai,Al Warqa,205,Jumeirah Villas,JV,Al Warqa,0,544,55.41,25.2238,Special widow case,Urban tower design,Community support initiative,Approved with remarks,Family support case,195420229,2026-06-27,264,Loan,Approved,2024-09-11,2024-09-30,1,0,19,1103574,12314,High
1649,Omar Khalid,Male,Married,0,1,3,2,56,Dubai,Al Mizhar,202,Al Rawda Villas,Rawda,Al Mizhar,0,532,55.4437,25.2426,Single parent support,Efficient layout,Community support initiative,Approved quickly,Escalated case,120191960,2025-12-08,274,Grant,Approved,2024-03-27,2024-04-19,1,0,23,855914,12231,High
1650,Maha Nasser,Female,Widow,1,0,0,0,59,Dubai,Muhaisnah,210,Al Aweer Villas,AAV,Muhaisnah,0,506,55.4455,25.2682,Single parent support,Concept pending,Phase 1 initiative,Rejected by policy rule,Open heading case,76172830,2025-11-22,275,Grant,Rejected,2024-05-14,2024-06-02,0,1,19,945266,21090,Low
1651,Ahmed Ali,Male,Single,0,0,2,0,39,Dubai,Al Barsha,204,Barsha Residences,BR,Al Barsha,0,549,55.1976,25.115,Special widow case,Standard design,Social initiative,Approved by board,Needs policy revision,207987653,2026-03-21,180,Grant,Approved,2024-05-15,2024-06-05,1,0,21,926267,12818,High
1652,Latifa Omar,Female,Single,0,0,5,4,30,Dubai,Al Khawaneej,209,Nad Al Sheba Homes,NSH,Al Khawaneej,0,548,55.4424,25.3017,Fast-track request,Standard design,Community support initiative,Pending manager review,Reviewed by manager,87285945,2026-02-26,180,Loan,In Progress,2024-11-26,,0,0,,499532,12171,Medium
1653,Salem Rashid,Male,Married,0,1,0,0,43,Dubai,Dubai South,201,Al Noor Housing Project,Noor,Dubai South,0,556,55.1479,24.908,Special widow case,Standard design,Women support initiative,Rejected due to eligibility,Low-risk heading,120348606,2025-10-05,157,Loan,Rejected,2024-02-27,2024-03-17,0,1,19,1185639,13472,Low
1654,Khaled Omar,Male,Married,0,1,0,0,25,Dubai,Dubai South,204,Barsha Residences,BR,Dubai South,0,530,55.1501,24.9073,Standard allocation,Concept pending,Social initiative,Pending manager review,Reviewed in heading notes,148357139,2025-10-31,306,Loan,In Progress,2024-03-09,,0,0,,643689,24792,Medium
1655,Huda Rashid,Female,Single,0,0,4,4,62,Dubai,Al Barsha,209,Nad Al Sheba Homes,NSH,Al Barsha,0,550,55.2029,25.1,Standard allocation,Efficient layout,Phase 1 initiative,Approved by board,Reviewed in heading notes,85609351,2025-11-01,205,Loan,Approved,2024-04-05,2024-04-23,1,0,18,909552,28641,High
1656,Khaled Omar,Male,Married,0,0,4,3,56,Dubai,Al Warqa,209,Nad Al Sheba Homes,NSH,Al Warqa,0,503,55.4209,25.222,Special widow case,Urban tower design,Executive housing initiative,Approved in committee,Family support case,98504372,2026-01-21,206,Grant,Approved,2024-01-03,2024-01-23,1,0,20,1022822,28220,High
1657,Majid Hassan,Male,Married,0,0,3,3,54,Dubai,Al Khawaneej,209,Nad Al Sheba Homes,NSH,Al Khawaneej,0,504,55.4743,25.318,Pending document allocation,Standard design,Social initiative,Rejected after review,Reviewed by manager,77705030,2026-07-26,189,Grant,Rejected,2024-11-08,2024-11-24,0,1,16,792463,19964,Low
1658,Huda Rashid,Female,Married,0,0,1,0,33,Dubai,Muhaisnah,202,Al Rawda Villas,Rawda,Muhaisnah,0,537,55.4432,25.284,Large family allocation,Compact design,Executive housing initiative,Rejected after review,Family support case,148323370,2025-07-20,235,Grant,Rejected,2024-01-06,2024-02-03,0,1,28,938365,19157,Low
1659,Maryam Hassan,Female,Married,0,0,5,1,55,Dubai,Al Mizhar,201,Al Noor Housing Project,Noor,Al Mizhar,0,548,55.4493,25.2352,Standard allocation,Modern villa design,Affordable housing initiative,On hold pending documents,Reviewed by housing head,92826005,2025-11-12,125,Grant,On Hold,2024-08-02,,0,0,,1051261,23759,Medium
1660,Abdulla Saeed,Male,Married,0,1,1,0,37,Dubai,Al Mizhar,208,Dubai South Residences,DSR,Al Mizhar,0,517,55.4529,25.263,Large family allocation,Efficient layout,Women support initiative,Awaiting next committee,Reviewed by housing head,211082752,2025-07-30,129,Loan,In Progress,2024-03-05,,0,0,,1043990,18351,Medium
1661,Maryam Hassan,Female,Married,0,0,6,4,62,Dubai,Nad Al Sheba,201,Al Noor Housing Project,Noor,Nad Al Sheba,0,507,55.3218,25.1465,Pending document allocation,Standard design,Community support initiative,Approved in committee,Escalated case,162723855,2026-06-03,311,Loan,Approved,2024-10-30,2024-11-23,1,0,24,988946,15486,High
1662,Latifa Omar,Female,Married,0,0,1,1,34,Dubai,Jumeirah,208,Dubai South Residences,DSR,Jumeirah,0,550,55.2331,25.2185,Fast-track request,Revised design,Community support initiative,Approved quickly,Family support case,203921765,2025-10-07,124,Loan,Approved,2024-01-27,2024-02-11,1,0,15,1095652,22195,High
1663,Omar Khalid,Male,Single,0,0,4,2,55,Dubai,Muhaisnah,209,Nad Al Sheba Homes,NSH,Muhaisnah,0,516,55.4485,25.2491,Pending document allocation,Compact design,Affordable housing initiative,Approved by board,Reviewed by manager,153236402,2026-02-28,150,Loan,Approved,2024-07-31,2024-08-14,1,0,14,1180911,31770,High
1664,Omar Khalid,Male,Married,0,1,6,2,43,Dubai,Al Warqa,208,Dubai South Residences,DSR,Al Warqa,0,543,55.4394,25.1979,Special widow case,Urban tower design,Phase 1 initiative,Deferred for clarification,Needs policy revision,173414069,2026-05-28,172,Grant,On Hold,2024-07-29,,0,0,,786958,17451,Medium
1665,Maryam Hassan,Female,Single,0,0,1,0,60,Dubai,Al Aweer,203,Khawaneej Family Homes,KFH,Al Aweer,0,544,55.4933,25.1538,Social support allocation,Revised design,Affordable housing initiative,Rejected after review,Needs policy revision,180074546,2025-11-03,152,Loan,Rejected,2024-05-30,2024-06-21,0,1,22,1155626,24796,Low
1666,Ahmed Ali,Male,Married,0,1,0,0,36,Dubai,Al Barsha,205,Jumeirah Villas,JV,Al Barsha,0,554,55.2151,25.1068,Regional demand case,Revised design,Women support initiative,Approved with remarks,Reviewed in heading notes,160755836,2026-07-06,165,Grant,Approved,2024-03-27,2024-04-17,1,0,21,1126583,28913,High
1667,Amina Saeed,Female,Married,0,0,4,4,35,Dubai,Nad Al Sheba,201,Al Noor Housing Project,Noor,Nad Al Sheba,0,553,55.3392,25.1782,Social support allocation,Concept pending,Women support initiative,Rejected due to eligibility,Reviewed by manager,195570867,2026-05-29,167,Grant,Rejected,2024-05-14,2024-05-30,0,1,16,490506,19590,Low
1668,Sara Ahmed,Female,Married,0,0,5,2,25,Dubai,Al Aweer,207,Mizhar Community Homes,MCH,Al Aweer,0,559,55.5046,25.1768,Priority family housing,Concept pending,Executive housing initiative,Approved with remarks,Open heading case,183420989,2026-06-01,234,Loan,Approved,2024-01-09,2024-01-23,1,0,14,846122,16917,High
1669,Sara Ahmed,Female,Widow,1,0,3,3,54,Dubai,Al Aweer,203,Khawaneej Family Homes,KFH,Al Aweer,0,557,55.515,25.1413,Single parent support,Revised design,Social initiative,Deferred for clarification,Needs policy revision,67663784,2025-12-10,273,Loan,On Hold,2024-10-24,,0,0,,1149183,28175,Medium
1670,Maryam Hassan,Female,Married,0,0,1,0,54,Dubai,Al Warqa,206,Muhaisnah Housing,MH,Al Warqa,0,520,55.4299,25.2037,Social support allocation,Efficient layout,Phase 1 initiative,Rejected by policy rule,Reviewed in heading notes,123015722,2025-11-16,163,Grant,Rejected,2024-07-04,2024-07-22,0,1,18,480209,26815,Low
1671,Ahmed Ali,Male,Married,0,1,3,1,58,Dubai,Al Aweer,209,Nad Al Sheba Homes,NSH,Al Aweer,0,538,55.5112,25.1412,Priority family housing,Compact design,Affordable housing initiative,Approved by board,Escalated case,209495817,2025-07-05,134,Loan,Approved,2024-08-15,2024-08-31,1,0,16,736058,19921,High
1672,Fatima Khalid,Female,Married,0,0,5,4,41,Dubai,Al Aweer,203,Khawaneej Family Homes,KFH,Al Aweer,0,523,55.4939,25.1435,Single parent support,Modern villa design,Phase 1 initiative,Pending manager review,Open heading case,94171525,2026-01-27,159,Grant,In Progress,2024-09-05,,0,0,,521964,14184,Medium
1673,Khaled Omar,Male,Single,0,0,2,0,28,Dubai,Al Aweer,201,Al Noor Housing Project,Noor,Al Aweer,0,507,55.4972,25.1601,Special widow case,Luxury family layout,Community support initiative,Approved with remarks,Open heading case,174684597,2026-02-08,130,Grant,Approved,2024-05-31,2024-06-17,1,0,17,571884,27547,High
1674,Amina Saeed,Female,Married,0,0,1,0,29,Dubai,Al Aweer,205,Jumeirah Villas,JV,Al Aweer,0,501,55.4964,25.1699,Special widow case,Concept pending,Social initiative,Approved by board,Escalated case,87484385,2026-02-27,201,Grant,Approved,2024-11-20,2024-12-02,1,0,12,523526,27098,High
1675,Khaled Omar,Male,Divorced,0,0,0,0,41,Dubai,Al Warqa,205,Jumeirah Villas,JV,Al Warqa,0,509,55.423,25.2113,Pending document allocation,Revised design,Community support initiative,Pending review,Open heading case,159786327,2025-08-01,291,Grant,In Progress,2024-11-11,,0,0,,816393,26308,Medium
1676,Majid Hassan,Male,Married,0,0,0,0,36,Dubai,Dubai South,208,Dubai South Residences,DSR,Dubai South,0,548,55.1424,24.8978,Standard allocation,Concept pending,Phase 1 initiative,Rejected due to eligibility,Reviewed in heading notes,144271587,2026-04-25,309,Loan,Rejected,2024-02-06,2024-02-24,0,1,18,622510,14139,Low
1677,Majid Hassan,Male,Single,0,0,3,2,29,Dubai,Al Aweer,207,Mizhar Community Homes,MCH,Al Aweer,0,508,55.4886,25.1611,Social support allocation,Efficient layout,Community support initiative,Pending review,Escalated case,188937151,2025-12-24,306,Loan,In Progress,2024-07-27,,0,0,,543017,25553,Medium
1678,Hamad Ali,Male,Married,0,1,2,1,60,Dubai,Muhaisnah,206,Muhaisnah Housing,MH,Muhaisnah,0,518,55.4681,25.272,Regional demand case,Concept pending,Executive housing initiative,Approved by board,Reviewed in heading notes,206268028,2025-09-16,155,Grant,Approved,2024-09-07,2024-09-17,1,0,10,728165,18697,High
1679,Latifa Omar,Female,Married,0,0,5,0,58,Dubai,Mirdif,207,Mizhar Community Homes,MCH,Mirdif,0,549,55.4191,25.208,Large family allocation,Efficient layout,Executive housing initiative,Approved in committee,Open heading case,159528440,2025-09-30,284,Loan,Approved,2024-01-23,2024-02-02,1,0,10,1046649,17056,High
1680,Yousef Nasser,Male,Married,0,1,5,1,52,Dubai,Dubai South,203,Khawaneej Family Homes,KFH,Dubai South,0,515,55.1616,24.8915,Large family allocation,Concept pending,Affordable housing initiative,Approved in committee,Reviewed in heading notes,109939631,2026-01-27,292,Grant,Approved,2024-05-12,2024-06-01,1,0,20,704785,27868,High
1681,Latifa Omar,Female,Widow,1,0,3,3,36,Dubai,Al Mizhar,209,Nad Al Sheba Homes,NSH,Al Mizhar,0,530,55.438,25.2328,Large family allocation,Modern villa design,Phase 1 initiative,Approved quickly,Open heading case,214338172,2025-06-26,197,Loan,Approved,2024-06-02,2024-06-24,1,0,22,736627,12958,High
1682,Maha Nasser,Female,Divorced,0,0,4,1,25,Dubai,Al Aweer,205,Jumeirah Villas,JV,Al Aweer,0,523,55.5191,25.1569,Single parent support,Revised design,Community support initiative,Approved with remarks,Escalated case,118583252,2026-07-21,314,Loan,Approved,2024-07-26,2024-08-09,1,0,14,538202,21617,High
1683,Noora Ibrahim,Female,Widow,1,0,5,1,57,Dubai,Jumeirah,210,Al Aweer Villas,AAV,Jumeirah,1,532,55.2478,25.2062,Social support allocation,Compact design,Phase 1 initiative,Approved by board,Family support case,179497009,2025-07-11,138,Grant,Approved,2024-09-24,2024-10-13,1,0,19,996746,13241,High
1684,Amina Saeed,Female,Married,0,0,2,1,52,Dubai,Dubai South,205,Jumeirah Villas,JV,Dubai South,0,517,55.1624,24.8792,Priority family housing,Standard design,Women support initiative,Approved in committee,Reviewed by manager,96319231,2026-01-27,306,Loan,Approved,2024-02-26,2024-03-13,1,0,16,752188,24929,High
1685,Noora Ibrahim,Female,Married,0,0,7,3,36,Dubai,Al Mizhar,202,Al Rawda Villas,Rawda,Al Mizhar,0,544,55.4223,25.2498,Regional demand case,Urban tower design,Community support initiative,Approved with remarks,Reviewed in heading notes,166597715,2026-07-12,199,Loan,Approved,2024-01-08,2024-01-29,1,0,21,589473,18518,High
1686,Majid Hassan,Male,Married,0,1,5,0,45,Dubai,Al Aweer,205,Jumeirah Villas,JV,Al Aweer,0,555,55.5001,25.1799,Special widow case,Luxury family layout,Executive housing initiative,Pending manager review,Open heading case,138886782,2025-12-13,302,Loan,In Progress,2024-06-10,,0,0,,1075218,18223,Medium
1687,Maryam Hassan,Female,Married,0,0,2,2,38,Dubai,Al Barsha,201,Al Noor Housing Project,Noor,Al Barsha,0,504,55.1996,25.0941,Special widow case,Efficient layout,Social initiative,Pending review,Family support case,191829991,2025-07-19,246,Grant,In Progress,2024-02-05,,0,0,,987889,21706,Medium
1688,Omar Khalid,Male,Married,0,1,3,0,28,Dubai,Al Aweer,204,Barsha Residences,BR,Al Aweer,0,525,55.4815,25.1752,Social support allocation,Concept pending,Phase 1 initiative,Rejected by policy rule,Reviewed in heading notes,142228828,2026-05-26,311,Loan,Rejected,2024-08-14,2024-08-30,0,1,16,1069555,21939,Low
1689,Amina Saeed,Female,Married,0,0,2,0,35,Dubai,Dubai South,209,Nad Al Sheba Homes,NSH,Dubai South,0,506,55.1571,24.8924,Large family allocation,Concept pending,Expansion initiative,Approved with remarks,Low-risk heading,196737124,2026-03-28,147,Loan,Approved,2024-04-12,2024-04-23,1,0,11,597205,18341,High
1690,Yousef Nasser,Male,Married,0,1,3,1,54,Dubai,Al Mizhar,210,Al Aweer Villas,AAV,Al Mizhar,0,558,55.4295,25.238,Fast-track request,Luxury family layout,Affordable housing initiative,Rejected due to eligibility,Escalated case,121066697,2025-06-25,291,Loan,Rejected,2024-11-17,2024-12-11,0,1,24,977268,27040,Low
1691,Khaled Omar,Male,Single,0,0,0,0,26,Dubai,Al Barsha,203,Khawaneej Family Homes,KFH,Al Barsha,0,535,55.1919,25.1077,Fast-track request,Revised design,Expansion initiative,Approved by board,Low-risk heading,179837130,2026-07-20,218,Loan,Approved,2024-05-22,2024-06-02,1,0,11,763266,27431,High
1692,Maryam Hassan,Female,Married,0,0,4,1,57,Dubai,Jumeirah,206,Muhaisnah Housing,MH,Jumeirah,0,557,55.2333,25.204,Pending document allocation,Revised design,Phase 1 initiative,Rejected due to eligibility,Low-risk heading,66322597,2025-09-21,171,Loan,Rejected,2024-02-29,2024-03-17,0,1,17,540726,13846,Low
1693,Salem Rashid,Male,Married,0,0,6,1,60,Dubai,Muhaisnah,205,Jumeirah Villas,JV,Muhaisnah,0,537,55.4763,25.289,Single parent support,Standard design,Phase 1 initiative,Approved with remarks,Reviewed by housing head,192996531,2025-11-14,131,Grant,Approved,2024-06-07,2024-06-25,1,0,18,886637,19767,High
1694,Majid Hassan,Male,Single,0,0,5,0,59,Dubai,Dubai South,209,Nad Al Sheba Homes,NSH,Dubai South,0,539,55.1594,24.8943,Large family allocation,Revised design,Phase 1 initiative,Deferred for clarification,Reviewed by housing head,163572775,2025-10-06,140,Grant,On Hold,2024-02-27,,0,0,,1148195,15705,Medium
1695,Khaled Omar,Male,Married,0,1,1,1,29,Dubai,Mirdif,210,Al Aweer Villas,AAV,Mirdif,1,539,55.4466,25.206,Regional demand case,Compact design,Expansion initiative,Pending review,Needs policy revision,160824436,2025-09-22,166,Loan,In Progress,2024-07-08,,0,0,,1025404,14551,Medium
1696,Ahmed Ali,Male,Married,0,1,0,0,54,Dubai,Al Warqa,203,Khawaneej Family Homes,KFH,Al Warqa,0,552,55.4151,25.1936,Priority family housing,Revised design,Social initiative,Approved with remarks,Open heading case,70587444,2025-07-28,256,Grant,Approved,2024-10-18,2024-11-08,1,0,21,681863,14426,High
1697,Majid Hassan,Male,Married,0,1,4,0,61,Dubai,Nad Al Sheba,204,Barsha Residences,BR,Nad Al Sheba,0,532,55.3286,25.1741,Pending document allocation,Modern villa design,Executive housing initiative,Rejected after review,Reviewed by housing head,132270333,2026-04-16,245,Loan,Rejected,2024-02-21,2024-03-15,0,1,23,1081473,24589,Low
1698,Maryam Hassan,Female,Married,0,0,4,1,37,Dubai,Al Aweer,203,Khawaneej Family Homes,KFH,Al Aweer,0,522,55.4853,25.1528,Fast-track request,Revised design,Executive housing initiative,Pending manager review,Escalated case,122346490,2026-06-29,254,Loan,In Progress,2024-04-17,,0,0,,573696,19608,Medium
1699,Salem Rashid,Male,Married,0,0,7,1,33,Dubai,Al Khawaneej,210,Al Aweer Villas,AAV,Al Khawaneej,0,516,55.4466,25.3067,Large family allocation,Luxury family layout,Social initiative,Awaiting next committee,Reviewed by manager,211328081,2026-02-17,155,Grant,In Progress,2024-08-09,,0,0,,519873,24211,Medium
1700,Latifa Omar,Female,Married,0,0,3,2,46,Dubai,Al Mizhar,204,Barsha Residences,BR,Al Mizhar,0,506,55.427,25.2522,Large family allocation,Concept pending,Expansion initiative,Approved with remarks,Family support case,139370460,2025-07-27,131,Loan,Approved,2024-11-03,2024-11-26,1,0,23,459179,28279,High
1701,Abdulla Saeed,Male,Married,0,1,1,1,42,Dubai,Al Warqa,202,Al Rawda Villas,Rawda,Al Warqa,0,517,55.4337,25.197,Social support allocation,Revised design,Affordable housing initiative,Approved in committee,Priority heading,210745428,2025-09-13,289,Loan,Approved,2024-02-19,2024-03-06,1,0,16,453050,30948,High
1702,Amina Saeed,Female,Married,0,0,3,2,43,Dubai,Al Mizhar,207,Mizhar Community Homes,MCH,Al Mizhar,0,533,55.4587,25.247,Standard allocation,Concept pending,Expansion initiative,Approved by board,Priority heading,154218236,2026-05-21,127,Loan,Approved,2024-06-22,2024-07-16,1,0,24,642935,14066,High
1703,Latifa Omar,Female,Single,0,0,2,0,25,Dubai,Al Aweer,201,Al Noor Housing Project,Noor,Al Aweer,0,507,55.5127,25.1407,Standard allocation,Modern villa design,Affordable housing initiative,Approved in committee,Reviewed by housing head,67111613,2025-07-08,167,Loan,Approved,2024-09-09,2024-10-01,1,0,22,1039954,13225,High
1704,Hamad Ali,Male,Married,0,1,0,0,61,Dubai,Al Khawaneej,208,Dubai South Residences,DSR,Al Khawaneej,0,542,55.4641,25.3097,Large family allocation,Urban tower design,Community support initiative,Approved in committee,Reviewed by manager,79485285,2026-02-28,278,Loan,Approved,2024-06-26,2024-07-08,1,0,12,695197,24948,High
1705,Amina Saeed,Female,Married,0,0,4,0,57,Dubai,Al Barsha,210,Al Aweer Villas,AAV,Al Barsha,0,516,55.1889,25.0944,Regional demand case,Luxury family layout,Affordable housing initiative,Rejected by policy rule,Needs policy revision,213544725,2025-12-16,172,Grant,Rejected,2024-05-20,2024-06-14,0,1,25,1097887,12150,Low
1706,Abdulla Saeed,Male,Married,0,1,4,0,59,Dubai,Muhaisnah,202,Al Rawda Villas,Rawda,Muhaisnah,0,525,55.4598,25.2625,Large family allocation,Modern villa design,Phase 1 initiative,Awaiting next review,Escalated case,146980906,2025-12-07,201,Loan,On Hold,2024-11-09,,0,0,,1022411,31059,Medium
1707,Maryam Hassan,Female,Widow,1,0,2,1,61,Dubai,Al Aweer,210,Al Aweer Villas,AAV,Al Aweer,0,529,55.4909,25.1588,Pending document allocation,Efficient layout,Women support initiative,Approved by board,Family support case,106639248,2025-10-09,242,Loan,Approved,2024-09-06,2024-09-22,1,0,16,1163785,27770,High
1708,Huda Rashid,Female,Married,0,0,4,0,48,Dubai,Mirdif,209,Nad Al Sheba Homes,NSH,Mirdif,0,501,55.4497,25.2285,Regional demand case,Modern villa design,Women support initiative,Approved with remarks,Escalated case,143145167,2026-02-21,263,Loan,Approved,2024-02-06,2024-02-28,1,0,22,585877,30960,High
1709,Yousef Nasser,Male,Divorced,0,0,1,1,40,Dubai,Al Barsha,205,Jumeirah Villas,JV,Al Barsha,0,532,55.1814,25.1037,Single parent support,Luxury family layout,Executive housing initiative,Pending manager review,Open heading case,73951277,2026-06-04,284,Grant,In Progress,2024-08-09,,0,0,,527913,31193,Medium
1710,Yousef Nasser,Male,Married,0,0,1,1,34,Dubai,Al Khawaneej,210,Al Aweer Villas,AAV,Al Khawaneej,0,520,55.4643,25.3119,Special widow case,Standard design,Affordable housing initiative,Approved quickly,Escalated case,197592211,2025-08-16,160,Loan,Approved,2024-06-30,2024-07-16,1,0,16,797123,31238,High
1711,Ahmed Ali,Male,Married,0,0,5,5,32,Dubai,Al Khawaneej,208,Dubai South Residences,DSR,Al Khawaneej,0,545,55.4646,25.2982,Social support allocation,Compact design,Phase 1 initiative,Awaiting next committee,Family support case,155198154,2026-02-01,134,Grant,In Progress,2024-01-22,,0,0,,705634,29732,Medium
1712,Omar Khalid,Male,Single,0,0,3,0,56,Dubai,Al Warqa,203,Khawaneej Family Homes,KFH,Al Warqa,0,520,55.4149,25.2177,Pending document allocation,Efficient layout,Expansion initiative,Approved by board,Low-risk heading,159346010,2025-08-23,318,Loan,Approved,2024-07-26,2024-08-07,1,0,12,568409,14678,High
1713,Noora Ibrahim,Female,Single,0,0,1,0,62,Dubai,Al Barsha,208,Dubai South Residences,DSR,Al Barsha,0,559,55.1824,25.1202,Standard allocation,Compact design,Community support initiative,Rejected by policy rule,Escalated case,124297256,2025-06-14,200,Loan,Rejected,2024-09-01,2024-09-15,0,1,14,591747,18125,Low
1714,Fatima Khalid,Female,Married,0,0,0,0,43,Dubai,Al Barsha,206,Muhaisnah Housing,MH,Al Barsha,1,501,55.1953,25.1129,Priority family housing,Luxury family layout,Executive housing initiative,Rejected due to eligibility,Escalated case,117320323,2025-12-07,145,Loan,Rejected,2024-09-21,2024-10-15,0,1,24,894182,28379,Low
1715,Omar Khalid,Male,Divorced,0,0,2,1,33,Dubai,Muhaisnah,205,Jumeirah Villas,JV,Muhaisnah,0,550,55.4434,25.283,Regional demand case,Revised design,Social initiative,Approved quickly,Needs policy revision,76162995,2026-03-29,140,Loan,Approved,2024-07-27,2024-08-10,1,0,14,812787,19150,High
1716,Fatima Khalid,Female,Married,0,0,5,5,55,Dubai,Mirdif,204,Barsha Residences,BR,Mirdif,0,539,55.4382,25.2366,Special widow case,Efficient layout,Phase 1 initiative,Approved with remarks,Reviewed by housing head,135570926,2025-12-05,217,Loan,Approved,2024-02-06,2024-03-01,1,0,24,1111822,27786,High
1717,Ahmed Ali,Male,Married,0,1,6,2,60,Dubai,Al Barsha,206,Muhaisnah Housing,MH,Al Barsha,0,529,55.195,25.1247,Regional demand case,Compact design,Affordable housing initiative,Awaiting next committee,Needs policy revision,191259078,2025-12-26,289,Grant,In Progress,2024-07-10,,0,0,,841453,17092,Medium
1718,Omar Khalid,Male,Married,0,1,4,4,32,Dubai,Al Barsha,203,Khawaneej Family Homes,KFH,Al Barsha,0,509,55.1937,25.1056,Large family allocation,Efficient layout,Social initiative,Approved with remarks,Low-risk heading,157022604,2026-07-16,223,Grant,Approved,2024-01-21,2024-02-01,1,0,11,482342,16550,High
1719,Sara Ahmed,Female,Widow,1,0,3,2,47,Dubai,Al Khawaneej,208,Dubai South Residences,DSR,Al Khawaneej,0,538,55.453,25.3281,Fast-track request,Modern villa design,Social initiative,Approved with remarks,Reviewed in heading notes,109620967,2025-07-11,200,Grant,Approved,2024-05-22,2024-06-15,1,0,24,701009,28631,High
1720,Fatima Khalid,Female,Married,0,0,0,0,34,Dubai,Al Mizhar,208,Dubai South Residences,DSR,Al Mizhar,0,509,55.4348,25.2588,Fast-track request,Compact design,Women support initiative,Approved with remarks,Open heading case,182327924,2026-05-30,315,Loan,Approved,2024-09-13,2024-09-29,1,0,16,1081512,16376,High
1721,Maryam Hassan,Female,Single,0,0,3,2,46,Dubai,Al Warqa,205,Jumeirah Villas,JV,Al Warqa,0,503,55.4134,25.2031,Single parent support,Urban tower design,Women support initiative,Rejected after review,Escalated case,113660228,2026-03-09,315,Grant,Rejected,2024-05-10,2024-06-04,0,1,25,1147913,27768,Low
1722,Salem Rashid,Male,Married,0,1,1,1,46,Dubai,Muhaisnah,201,Al Noor Housing Project,Noor,Muhaisnah,1,543,55.4392,25.2827,Large family allocation,Modern villa design,Women support initiative,Awaiting next review,Low-risk heading,217334314,2025-08-26,158,Loan,On Hold,2024-05-12,,0,0,,579879,28174,Medium
1723,Abdulla Saeed,Male,Married,0,0,1,0,32,Dubai,Al Khawaneej,208,Dubai South Residences,DSR,Al Khawaneej,0,547,55.4661,25.2906,Single parent support,Standard design,Executive housing initiative,Pending manager review,Low-risk heading,157074761,2026-01-16,308,Loan,In Progress,2024-01-17,,0,0,,492734,18568,Medium
1724,Amina Saeed,Female,Single,0,0,4,4,26,Dubai,Nad Al Sheba,204,Barsha Residences,BR,Nad Al Sheba,0,508,55.3352,25.162,Priority family housing,Efficient layout,Affordable housing initiative,Approved quickly,Family support case,168299844,2026-06-16,242,Loan,Approved,2024-02-16,2024-03-05,1,0,18,762294,24910,High
1725,Latifa Omar,Female,Widow,1,0,3,2,40,Dubai,Al Mizhar,210,Al Aweer Villas,AAV,Al Mizhar,0,542,55.4525,25.2582,Fast-track request,Standard design,Women support initiative,Approved in committee,Reviewed in heading notes,216979046,2025-06-08,270,Loan,Approved,2024-07-26,2024-08-11,1,0,16,642889,25452,High
1726,Fatima Khalid,Female,Married,0,0,1,1,62,Dubai,Jumeirah,202,Al Rawda Villas,Rawda,Jumeirah,0,539,55.2404,25.2105,Standard allocation,Urban tower design,Affordable housing initiative,Approved by board,Reviewed in heading notes,124817866,2025-06-03,284,Loan,Approved,2024-01-27,2024-02-11,1,0,15,764320,19473,High
1727,Ahmed Ali,Male,Married,0,1,4,3,51,Dubai,Muhaisnah,205,Jumeirah Villas,JV,Muhaisnah,0,533,55.4701,25.2697,Large family allocation,Efficient layout,Women support initiative,Pending review,Reviewed by housing head,181607921,2025-07-13,299,Grant,In Progress,2024-03-18,,0,0,,1101718,13558,Medium
1728,Salem Rashid,Male,Married,0,1,2,1,42,Dubai,Al Warqa,203,Khawaneej Family Homes,KFH,Al Warqa,0,523,55.4324,25.2025,Priority family housing,Concept pending,Affordable housing initiative,Approved with remarks,Reviewed by housing head,85252729,2026-06-19,317,Grant,Approved,2024-04-26,2024-05-12,1,0,16,785315,24220,High
1729,Noora Ibrahim,Female,Divorced,0,0,4,2,44,Dubai,Dubai South,208,Dubai South Residences,DSR,Dubai South,0,517,55.1534,24.9016,Priority family housing,Urban tower design,Community support initiative,Awaiting next committee,Reviewed by manager,150497841,2025-08-09,224,Loan,In Progress,2024-09-28,,0,0,,780724,30452,Medium
1730,Omar Khalid,Male,Married,0,1,3,0,35,Dubai,Al Mizhar,209,Nad Al Sheba Homes,NSH,Al Mizhar,0,512,55.4282,25.2598,Special widow case,Luxury family layout,Phase 1 initiative,Deferred for clarification,Open heading case,193370229,2025-06-11,163,Loan,On Hold,2024-10-19,,0,0,,1038194,14131,Medium
1731,Latifa Omar,Female,Married,0,0,1,1,53,Dubai,Dubai South,205,Jumeirah Villas,JV,Dubai South,0,505,55.1745,24.9113,Single parent support,Compact design,Women support initiative,Approved in committee,Open heading case,200484749,2026-06-08,306,Loan,Approved,2024-02-03,2024-02-26,1,0,23,594267,14210,High
1732,Latifa Omar,Female,Widow,1,0,4,0,39,Dubai,Dubai South,201,Al Noor Housing Project,Noor,Dubai South,0,507,55.1444,24.9102,Priority family housing,Concept pending,Community support initiative,Rejected after review,Reviewed by housing head,85071510,2025-12-15,224,Loan,Rejected,2024-05-17,2024-06-09,0,1,23,1076441,20974,Low
1733,Maryam Hassan,Female,Widow,1,0,2,1,50,Dubai,Nad Al Sheba,209,Nad Al Sheba Homes,NSH,Nad Al Sheba,0,528,55.3274,25.1689,Priority family housing,Revised design,Women support initiative,Pending review,Open heading case,109664214,2026-05-24,294,Grant,In Progress,2024-01-23,,0,0,,867546,29289,Medium
1734,Huda Rashid,Female,Single,0,0,6,1,49,Dubai,Al Mizhar,206,Muhaisnah Housing,MH,Al Mizhar,0,527,55.4268,25.2597,Social support allocation,Urban tower design,Community support initiative,Approved with remarks,Open heading case,65966955,2025-12-31,215,Loan,Approved,2024-04-24,2024-05-18,1,0,24,547267,25976,High
1735,Hamad Ali,Male,Married,0,0,3,0,30,Dubai,Al Barsha,209,Nad Al Sheba Homes,NSH,Al Barsha,0,534,55.1846,25.124,Standard allocation,Compact design,Community support initiative,Approved with remarks,Needs policy revision,186608891,2025-09-22,174,Loan,Approved,2024-01-05,2024-01-26,1,0,21,628728,13549,High
1736,Yousef Nasser,Male,Married,0,1,6,5,35,Dubai,Al Aweer,203,Khawaneej Family Homes,KFH,Al Aweer,0,534,55.5151,25.1774,Standard allocation,Compact design,Phase 1 initiative,Approved with remarks,Open heading case,144511790,2026-05-10,200,Grant,Approved,2024-06-19,2024-06-29,1,0,10,926594,14819,High
1737,Noora Ibrahim,Female,Married,0,0,2,2,32,Dubai,Mirdif,204,Barsha Residences,BR,Mirdif,0,507,55.4196,25.2406,Social support allocation,Standard design,Community support initiative,Approved quickly,Open heading case,133468375,2025-08-18,294,Loan,Approved,2024-06-20,2024-07-06,1,0,16,976121,19740,High
1738,Salem Rashid,Male,Married,0,0,6,5,33,Dubai,Al Mizhar,210,Al Aweer Villas,AAV,Al Mizhar,0,523,55.4316,25.271,Standard allocation,Concept pending,Phase 1 initiative,Awaiting next review,Escalated case,115653587,2025-07-02,178,Loan,On Hold,2024-05-28,,0,0,,709063,31862,Medium
1739,Noora Ibrahim,Female,Married,0,0,2,1,47,Dubai,Al Warqa,202,Al Rawda Villas,Rawda,Al Warqa,0,505,55.4333,25.2113,Single parent support,Revised design,Community support initiative,Rejected by policy rule,Escalated case,111723228,2025-07-20,217,Loan,Rejected,2024-05-03,2024-05-27,0,1,24,862845,12416,Low
1740,Majid Hassan,Male,Married,0,1,2,0,27,Dubai,Al Warqa,210,Al Aweer Villas,AAV,Al Warqa,0,554,55.4039,25.1943,Social support allocation,Compact design,Executive housing initiative,Approved with remarks,Escalated case,85493055,2026-03-19,127,Loan,Approved,2024-05-20,2024-06-06,1,0,17,932328,20422,High
1741,Latifa Omar,Female,Widow,1,0,3,3,57,Dubai,Nad Al Sheba,201,Al Noor Housing Project,Noor,Nad Al Sheba,0,539,55.3229,25.1459,Special widow case,Urban tower design,Community support initiative,Approved by board,Low-risk heading,109500087,2025-07-04,171,Loan,Approved,2024-08-01,2024-08-12,1,0,11,1157490,18342,High
1742,Maryam Hassan,Female,Single,0,0,3,0,39,Dubai,Al Warqa,204,Barsha Residences,BR,Al Warqa,0,527,55.4157,25.1977,Special widow case,Modern villa design,Executive housing initiative,Approved in committee,Reviewed by manager,187015130,2026-06-26,150,Loan,Approved,2024-10-19,2024-11-11,1,0,23,1046808,12127,High
1743,Latifa Omar,Female,Married,0,0,1,0,27,Dubai,Dubai South,205,Jumeirah Villas,JV,Dubai South,0,541,55.142,24.8834,Special widow case,Efficient layout,Affordable housing initiative,Rejected by policy rule,Family support case,100374314,2025-11-18,293,Loan,Rejected,2024-02-13,2024-02-28,0,1,15,907276,21924,Low
1744,Maryam Hassan,Female,Widow,1,0,5,5,44,Dubai,Al Warqa,203,Khawaneej Family Homes,KFH,Al Warqa,0,533,55.4363,25.212,Special widow case,Efficient layout,Executive housing initiative,Rejected after review,Reviewed in heading notes,144733575,2025-10-22,209,Loan,Rejected,2024-03-23,2024-04-16,0,1,24,721118,20875,Low
1745,Maha Nasser,Female,Married,0,0,2,2,38,Dubai,Nad Al Sheba,203,Khawaneej Family Homes,KFH,Nad Al Sheba,0,550,55.312,25.1509,Special widow case,Revised design,Social initiative,Approved in committee,Reviewed by manager,71141804,2025-08-22,123,Loan,Approved,2024-03-13,2024-03-23,1,0,10,610164,20426,High
1746,Huda Rashid,Female,Single,0,0,6,6,62,Dubai,Jumeirah,201,Al Noor Housing Project,Noor,Jumeirah,0,545,55.2514,25.2212,Social support allocation,Urban tower design,Social initiative,Approved with remarks,Reviewed by manager,141654190,2026-06-06,182,Loan,Approved,2024-11-09,2024-11-19,1,0,10,919956,24375,High
1747,Maryam Hassan,Female,Married,0,0,2,1,47,Dubai,Al Mizhar,201,Al Noor Housing Project,Noor,Al Mizhar,0,507,55.436,25.2671,Large family allocation,Efficient layout,Phase 1 initiative,Pending manager review,Open heading case,183383314,2025-08-07,285,Grant,In Progress,2024-04-10,,0,0,,706100,19980,Medium
1748,Noora Ibrahim,Female,Single,0,0,3,1,58,Dubai,Al Barsha,201,Al Noor Housing Project,Noor,Al Barsha,0,512,55.1872,25.1299,Regional demand case,Efficient layout,Phase 1 initiative,Approved quickly,Family support case,94563321,2026-02-23,161,Loan,Approved,2024-11-01,2024-11-13,1,0,12,638385,22007,High
1749,Huda Rashid,Female,Married,0,0,4,1,40,Dubai,Nad Al Sheba,203,Khawaneej Family Homes,KFH,Nad Al Sheba,0,517,55.3144,25.1778,Special widow case,Luxury family layout,Expansion initiative,Approved quickly,Reviewed by manager,140589698,2025-10-24,160,Grant,Approved,2024-01-31,2024-02-17,1,0,17,575116,16658,High
1750,Yousef Nasser,Male,Married,0,1,4,2,57,Dubai,Muhaisnah,209,Nad Al Sheba Homes,NSH,Muhaisnah,0,515,55.4635,25.2632,Special widow case,Revised design,Social initiative,Awaiting next review,Reviewed by manager,159077627,2025-06-04,166,Grant,On Hold,2024-07-23,,0,0,,1026095,15917,Medium
1751,Hamad Ali,Male,Married,0,1,5,2,36,Dubai,Al Barsha,201,Al Noor Housing Project,Noor,Al Barsha,0,505,55.1957,25.1113,Large family allocation,Compact design,Community support initiative,Approved quickly,Escalated case,84636027,2025-06-26,236,Grant,Approved,2024-09-29,2024-10-11,1,0,12,671869,17480,High
1752,Majid Hassan,Male,Married,0,1,1,1,35,Dubai,Al Warqa,207,Mizhar Community Homes,MCH,Al Warqa,0,519,55.4082,25.1928,Pending document allocation,Luxury family layout,Expansion initiative,Approved by board,Priority heading,177424140,2025-10-14,273,Loan,Approved,2024-03-04,2024-03-27,1,0,23,814433,23309,High
1753,Salem Rashid,Male,Married,0,1,2,0,56,Dubai,Al Khawaneej,203,Khawaneej Family Homes,KFH,Al Khawaneej,0,557,55.4481,25.3155,Regional demand case,Modern villa design,Community support initiative,Approved in committee,Priority heading,83717182,2025-12-03,258,Loan,Approved,2024-03-31,2024-04-19,1,0,19,1093285,23899,High
1754,Maha Nasser,Female,Married,0,0,8,5,37,Dubai,Nad Al Sheba,205,Jumeirah Villas,JV,Nad Al Sheba,0,530,55.3052,25.1514,Priority family housing,Compact design,Community support initiative,Approved quickly,Family support case,215874447,2025-09-21,275,Loan,Approved,2024-11-12,2024-12-01,1,0,19,891387,17168,High
1755,Hamad Ali,Male,Married,0,1,3,3,43,Dubai,Jumeirah,201,Al Noor Housing Project,Noor,Jumeirah,0,518,55.2328,25.2176,Single parent support,Revised design,Expansion initiative,Awaiting next committee,Reviewed by housing head,147105868,2025-11-03,169,Grant,In Progress,2024-07-26,,0,0,,663951,23117,Medium
1756,Majid Hassan,Male,Married,0,1,3,1,35,Dubai,Al Aweer,201,Al Noor Housing Project,Noor,Al Aweer,0,523,55.4867,25.1557,Large family allocation,Luxury family layout,Executive housing initiative,Awaiting next committee,Needs policy revision,81310478,2025-10-09,221,Loan,In Progress,2024-04-22,,0,0,,750715,17124,Medium
1757,Majid Hassan,Male,Married,0,1,3,3,55,Dubai,Nad Al Sheba,204,Barsha Residences,BR,Nad Al Sheba,0,504,55.3292,25.1557,Special widow case,Concept pending,Executive housing initiative,Rejected by policy rule,Open heading case,206995666,2025-11-26,141,Loan,Rejected,2024-05-21,2024-06-17,0,1,27,474426,14154,Low
1758,Sara Ahmed,Female,Single,0,0,6,0,27,Dubai,Mirdif,207,Mizhar Community Homes,MCH,Mirdif,0,538,55.4332,25.2161,Fast-track request,Efficient layout,Phase 1 initiative,Approved by board,Open heading case,191963178,2026-03-06,286,Loan,Approved,2024-10-06,2024-10-16,1,0,10,867142,19961,High
1759,Noora Ibrahim,Female,Married,0,0,0,0,38,Dubai,Muhaisnah,202,Al Rawda Villas,Rawda,Muhaisnah,0,513,55.4673,25.2584,Single parent support,Efficient layout,Executive housing initiative,Approved by board,Family support case,199599016,2025-08-16,123,Grant,Approved,2024-05-29,2024-06-12,1,0,14,758624,25115,High
1760,Abdulla Saeed,Male,Married,0,1,4,0,41,Dubai,Al Mizhar,208,Dubai South Residences,DSR,Al Mizhar,0,523,55.4302,25.2701,Pending document allocation,Standard design,Affordable housing initiative,Rejected due to eligibility,Reviewed by manager,100553151,2026-04-16,143,Grant,Rejected,2024-11-24,2024-12-09,0,1,15,679991,20981,Low
1761,Ahmed Ali,Male,Married,0,1,2,0,33,Dubai,Al Aweer,206,Muhaisnah Housing,MH,Al Aweer,1,528,55.5185,25.1784,Special widow case,Revised design,Community support initiative,Rejected by policy rule,Reviewed in heading notes,142193821,2025-12-28,241,Loan,Rejected,2024-06-10,2024-07-10,0,1,30,1018261,18733,Low
1762,Sara Ahmed,Female,Married,0,0,3,1,37,Dubai,Dubai South,210,Al Aweer Villas,AAV,Dubai South,0,548,55.1446,24.9098,Pending document allocation,Standard design,Community support initiative,Approved quickly,Escalated case,138146096,2026-03-26,195,Grant,Approved,2024-09-24,2024-10-13,1,0,19,810628,28175,High
1763,Huda Rashid,Female,Married,0,0,3,2,45,Dubai,Nad Al Sheba,207,Mizhar Community Homes,MCH,Nad Al Sheba,0,553,55.3385,25.1451,Priority family housing,Concept pending,Affordable housing initiative,Rejected by policy rule,Reviewed by manager,78838275,2026-03-05,154,Grant,Rejected,2024-09-30,2024-10-20,0,1,20,1189134,30065,Low
1764,Khaled Omar,Male,Married,0,1,3,1,41,Dubai,Mirdif,202,Al Rawda Villas,Rawda,Mirdif,0,556,55.4362,25.2149,Large family allocation,Compact design,Executive housing initiative,Rejected after review,Priority heading,88442963,2026-03-04,150,Loan,Rejected,2024-10-21,2024-11-15,0,1,25,846593,14999,Low
1765,Amina Saeed,Female,Widow,1,0,0,0,46,Dubai,Mirdif,206,Muhaisnah Housing,MH,Mirdif,0,531,55.441,25.2023,Standard allocation,Standard design,Affordable housing initiative,Approved with remarks,Open heading case,162449274,2025-12-22,179,Grant,Approved,2024-10-26,2024-11-12,1,0,17,838199,16687,High
1766,Omar Khalid,Male,Married,0,1,0,0,52,Dubai,Al Mizhar,210,Al Aweer Villas,AAV,Al Mizhar,0,548,55.4606,25.2477,Fast-track request,Compact design,Phase 1 initiative,Pending review,Reviewed by manager,144485979,2025-08-02,121,Grant,In Progress,2024-09-03,,0,0,,1117577,19115,Medium
1767,Abdulla Saeed,Male,Married,0,1,0,0,26,Dubai,Al Warqa,206,Muhaisnah Housing,MH,Al Warqa,0,557,55.4152,25.1922,Standard allocation,Efficient layout,Phase 1 initiative,Approved by board,Family support case,127478422,2026-01-19,320,Loan,Approved,2024-08-13,2024-09-04,1,0,22,1075035,15635,High
1768,Sara Ahmed,Female,Widow,1,0,5,3,32,Dubai,Muhaisnah,206,Muhaisnah Housing,MH,Muhaisnah,0,503,55.4571,25.2792,Pending document allocation,Concept pending,Affordable housing initiative,Rejected due to eligibility,Reviewed in heading notes,154857739,2026-02-25,205,Loan,Rejected,2024-07-15,2024-08-04,0,1,20,706641,13189,Low
1769,Latifa Omar,Female,Widow,1,0,2,0,62,Dubai,Mirdif,201,Al Noor Housing Project,Noor,Mirdif,0,557,55.4152,25.2194,Social support allocation,Urban tower design,Affordable housing initiative,Approved with remarks,Reviewed in heading notes,88927818,2026-04-15,268,Loan,Approved,2024-06-10,2024-06-21,1,0,11,883526,15659,High
1770,Latifa Omar,Female,Married,0,0,0,0,48,Dubai,Mirdif,207,Mizhar Community Homes,MCH,Mirdif,0,521,55.4242,25.2383,Standard allocation,Revised design,Social initiative,Approved by board,Reviewed in heading notes,163713603,2026-05-25,155,Loan,Approved,2024-11-24,2024-12-06,1,0,12,619419,21609,High
1771,Ahmed Ali,Male,Married,0,0,3,3,53,Dubai,Al Warqa,206,Muhaisnah Housing,MH,Al Warqa,0,506,55.4359,25.1921,Standard allocation,Modern villa design,Affordable housing initiative,Approved with remarks,Open heading case,134059974,2026-02-16,307,Grant,Approved,2024-02-07,2024-02-21,1,0,14,851669,18501,High
1772,Yousef Nasser,Male,Married,0,1,0,0,48,Dubai,Jumeirah,205,Jumeirah Villas,JV,Jumeirah,0,508,55.218,25.2205,Social support allocation,Urban tower design,Social initiative,Approved quickly,Escalated case,178374790,2025-10-06,249,Grant,Approved,2024-10-25,2024-11-14,1,0,20,459825,16514,High
1773,Salem Rashid,Male,Married,0,0,0,0,29,Dubai,Al Mizhar,206,Muhaisnah Housing,MH,Al Mizhar,0,531,55.4445,25.233,Regional demand case,Revised design,Executive housing initiative,Approved in committee,Priority heading,127126819,2026-07-16,147,Loan,Approved,2024-05-12,2024-05-31,1,0,19,771832,14961,High
1774,Noora Ibrahim,Female,Married,0,0,6,6,30,Dubai,Dubai South,201,Al Noor Housing Project,Noor,Dubai South,0,559,55.1674,24.897,Social support allocation,Concept pending,Community support initiative,Approved quickly,Reviewed by housing head,166283068,2026-01-22,206,Loan,Approved,2024-06-05,2024-06-20,1,0,15,672224,18689,High
1775,Maha Nasser,Female,Widow,1,0,4,2,26,Dubai,Al Aweer,210,Al Aweer Villas,AAV,Al Aweer,0,525,55.5149,25.1662,Special widow case,Luxury family layout,Affordable housing initiative,On hold pending documents,Open heading case,90145953,2026-07-01,170,Grant,On Hold,2024-07-06,,0,0,,598868,29377,Medium
1776,Latifa Omar,Female,Divorced,0,0,4,1,44,Dubai,Nad Al Sheba,202,Al Rawda Villas,Rawda,Nad Al Sheba,0,508,55.3145,25.1483,Fast-track request,Revised design,Women support initiative,Approved quickly,Reviewed by manager,69420614,2025-08-20,254,Loan,Approved,2024-08-08,2024-08-24,1,0,16,518252,16013,High
1777,Khaled Omar,Male,Married,0,1,3,2,36,Dubai,Al Aweer,205,Jumeirah Villas,JV,Al Aweer,0,540,55.504,25.1705,Fast-track request,Luxury family layout,Community support initiative,Awaiting next review,Reviewed by housing head,166420406,2025-06-09,120,Grant,On Hold,2024-03-22,,0,0,,949780,13090,Medium
1778,Fatima Khalid,Female,Married,0,0,1,0,31,Dubai,Al Barsha,210,Al Aweer Villas,AAV,Al Barsha,0,556,55.1979,25.1265,Special widow case,Compact design,Community support initiative,Rejected due to eligibility,Reviewed in heading notes,108186262,2026-01-28,174,Loan,Rejected,2024-02-15,2024-03-09,0,1,23,920899,25961,Low
1779,Maryam Hassan,Female,Single,0,0,4,3,40,Dubai,Nad Al Sheba,205,Jumeirah Villas,JV,Nad Al Sheba,0,540,55.3375,25.1472,Priority family housing,Modern villa design,Community support initiative,Awaiting next committee,Open heading case,100151865,2025-10-11,264,Loan,In Progress,2024-07-26,,0,0,,796035,16765,Medium
1780,Khaled Omar,Male,Single,0,0,2,2,34,Dubai,Nad Al Sheba,202,Al Rawda Villas,Rawda,Nad Al Sheba,0,541,55.3287,25.1642,Social support allocation,Modern villa design,Affordable housing initiative,Approved with remarks,Reviewed by housing head,153360298,2026-01-03,194,Grant,Approved,2024-09-18,2024-10-05,1,0,17,1059853,24189,High
1781,Noora Ibrahim,Female,Married,0,0,2,2,34,Dubai,Muhaisnah,205,Jumeirah Villas,JV,Muhaisnah,0,544,55.4579,25.2623,Fast-track request,Standard design,Phase 1 initiative,Approved quickly,Reviewed in heading notes,161607316,2026-02-18,198,Grant,Approved,2024-10-09,2024-10-21,1,0,12,1115182,27237,High
1782,Abdulla Saeed,Male,Married,0,1,0,0,54,Dubai,Mirdif,204,Barsha Residences,BR,Mirdif,0,536,55.4479,25.2376,Regional demand case,Compact design,Social initiative,Rejected due to eligibility,Reviewed by manager,169395360,2025-11-26,198,Loan,Rejected,2024-05-27,2024-06-11,0,1,15,1031153,19533,Low
1783,Salem Rashid,Male,Divorced,0,0,0,0,43,Dubai,Muhaisnah,206,Muhaisnah Housing,MH,Muhaisnah,0,539,55.4526,25.2717,Fast-track request,Concept pending,Phase 1 initiative,Approved with remarks,Reviewed in heading notes,203001506,2026-06-30,272,Grant,Approved,2024-10-05,2024-10-16,1,0,11,698090,27051,High
1784,Latifa Omar,Female,Married,0,0,2,0,45,Dubai,Dubai South,210,Al Aweer Villas,AAV,Dubai South,0,512,55.1442,24.8973,Standard allocation,Revised design,Affordable housing initiative,Approved in committee,Reviewed in heading notes,151581196,2025-12-30,142,Grant,Approved,2024-09-05,2024-09-20,1,0,15,646345,16134,High
1785,Ahmed Ali,Male,Married,0,1,5,1,30,Dubai,Al Barsha,203,Khawaneej Family Homes,KFH,Al Barsha,0,540,55.1872,25.0946,Social support allocation,Efficient layout,Women support initiative,Approved in committee,Escalated case,174895319,2026-02-20,251,Grant,Approved,2024-04-20,2024-05-04,1,0,14,486395,21880,High
1786,Noora Ibrahim,Female,Married,0,0,3,2,39,Dubai,Jumeirah,206,Muhaisnah Housing,MH,Jumeirah,0,553,55.2204,25.1879,Large family allocation,Efficient layout,Social initiative,Approved by board,Escalated case,215813212,2026-05-27,129,Loan,Approved,2024-02-17,2024-03-12,1,0,24,568378,12390,High
1787,Salem Rashid,Male,Single,0,0,0,0,29,Dubai,Muhaisnah,209,Nad Al Sheba Homes,NSH,Muhaisnah,0,543,55.4683,25.278,Social support allocation,Luxury family layout,Community support initiative,Approved quickly,Reviewed by housing head,74080126,2025-12-06,296,Loan,Approved,2024-01-01,2024-01-14,1,0,13,700475,27772,High
1788,Sara Ahmed,Female,Married,0,0,1,1,53,Dubai,Al Warqa,205,Jumeirah Villas,JV,Al Warqa,0,504,55.4223,25.186,Special widow case,Revised design,Expansion initiative,Approved by board,Reviewed by housing head,113491298,2025-06-25,306,Grant,Approved,2024-10-04,2024-10-20,1,0,16,1067008,28714,High
1789,Latifa Omar,Female,Married,0,0,3,2,35,Dubai,Al Mizhar,208,Dubai South Residences,DSR,Al Mizhar,0,549,55.4288,25.2719,Priority family housing,Standard design,Social initiative,Pending review,Reviewed in heading notes,108084584,2025-07-26,226,Grant,In Progress,2024-03-31,,0,0,,918375,24388,Medium
1790,Amina Saeed,Female,Widow,1,0,6,3,49,Dubai,Al Warqa,207,Mizhar Community Homes,MCH,Al Warqa,0,523,55.417,25.2185,Regional demand case,Urban tower design,Affordable housing initiative,Approved in committee,Family support case,163290122,2025-07-23,141,Loan,Approved,2024-11-21,2024-12-14,1,0,23,1030082,22306,High
1791,Maha Nasser,Female,Widow,1,0,5,1,32,Dubai,Al Khawaneej,202,Al Rawda Villas,Rawda,Al Khawaneej,0,552,55.4535,25.3022,Single parent support,Concept pending,Affordable housing initiative,Approved in committee,Escalated case,149495501,2026-06-24,138,Grant,Approved,2024-02-01,2024-02-13,1,0,12,891173,16354,High
1792,Amina Saeed,Female,Married,0,0,2,2,54,Dubai,Dubai South,207,Mizhar Community Homes,MCH,Dubai South,1,545,55.1791,24.8892,Pending document allocation,Efficient layout,Community support initiative,Approved in committee,Open heading case,111037918,2025-09-07,190,Grant,Approved,2024-01-28,2024-02-09,1,0,12,925266,14880,High
1793,Huda Rashid,Female,Single,0,0,3,0,38,Dubai,Al Warqa,202,Al Rawda Villas,Rawda,Al Warqa,0,508,55.4042,25.2164,Large family allocation,Concept pending,Social initiative,Approved in committee,Open heading case,139170935,2026-02-07,315,Loan,Approved,2024-07-27,2024-08-08,1,0,12,1081484,30138,High
1794,Majid Hassan,Male,Married,0,1,3,2,57,Dubai,Al Aweer,203,Khawaneej Family Homes,KFH,Al Aweer,0,512,55.5108,25.1561,Pending document allocation,Compact design,Expansion initiative,Approved quickly,Reviewed in heading notes,216299268,2025-08-29,218,Loan,Approved,2024-02-26,2024-03-15,1,0,18,909109,25405,High
1795,Noora Ibrahim,Female,Divorced,0,0,1,0,32,Dubai,Al Barsha,208,Dubai South Residences,DSR,Al Barsha,0,523,55.2061,25.1182,Special widow case,Concept pending,Expansion initiative,Approved in committee,Reviewed in heading notes,158951432,2025-10-28,166,Loan,Approved,2024-09-09,2024-09-27,1,0,18,1120362,19527,High
1796,Noora Ibrahim,Female,Married,0,0,4,3,56,Dubai,Jumeirah,205,Jumeirah Villas,JV,Jumeirah,0,555,55.2317,25.2114,Special widow case,Efficient layout,Expansion initiative,Approved quickly,Open heading case,162876629,2025-10-16,137,Grant,Approved,2024-01-13,2024-01-24,1,0,11,694315,17135,High
1797,Salem Rashid,Male,Married,0,1,0,0,49,Dubai,Mirdif,207,Mizhar Community Homes,MCH,Mirdif,0,534,55.4201,25.2151,Standard allocation,Efficient layout,Affordable housing initiative,Rejected due to eligibility,Reviewed by manager,135934799,2026-01-29,268,Grant,Rejected,2024-07-16,2024-08-01,0,1,16,1126244,17250,Low
1798,Maha Nasser,Female,Widow,1,0,4,1,31,Dubai,Al Warqa,210,Al Aweer Villas,AAV,Al Warqa,0,521,55.4103,25.2128,Social support allocation,Urban tower design,Phase 1 initiative,Approved with remarks,Reviewed in heading notes,112430733,2025-06-13,130,Loan,Approved,2024-07-22,2024-08-10,1,0,19,607058,27472,High
1799,Amina Saeed,Female,Widow,1,0,0,0,62,Dubai,Muhaisnah,202,Al Rawda Villas,Rawda,Muhaisnah,0,539,55.477,25.2804,Fast-track request,Standard design,Social initiative,Awaiting next committee,Open heading case,137822130,2026-04-06,297,Grant,In Progress,2024-08-11,,0,0,,1069175,23124,Medium
1800,Maha Nasser,Female,Married,0,0,3,0,39,Dubai,Mirdif,206,Muhaisnah Housing,MH,Mirdif,0,557,55.4377,25.2057,Fast-track request,Luxury family layout,Phase 1 initiative,Approved with remarks,Reviewed by manager,136408862,2026-05-24,291,Loan,Approved,2024-04-15,2024-05-09,1,0,24,909017,30353,High
1801,Maha Nasser,Female,Married,0,0,2,1,28,Dubai,Al Aweer,208,Dubai South Residences,DSR,Al Aweer,0,520,55.5134,25.1777,Fast-track request,Urban tower design,Women support initiative,Approved in committee,Escalated case,85872780,2025-10-31,308,Grant,Approved,2024-05-28,2024-06-19,1,0,22,579832,17719,High
1802,Huda Rashid,Female,Widow,1,0,3,0,51,Dubai,Al Aweer,203,Khawaneej Family Homes,KFH,Al Aweer,0,524,55.4958,25.1681,Priority family housing,Urban tower design,Community support initiative,Rejected by policy rule,Family support case,149995433,2025-10-14,256,Loan,Rejected,2024-09-01,2024-09-15,0,1,14,721961,26619,Low
1803,Salem Rashid,Male,Married,0,1,6,3,34,Dubai,Muhaisnah,209,Nad Al Sheba Homes,NSH,Muhaisnah,0,531,55.4579,25.2641,Priority family housing,Luxury family layout,Executive housing initiative,Awaiting next committee,Reviewed by manager,180266348,2026-03-17,171,Grant,In Progress,2024-11-02,,0,0,,668087,17951,Medium
1804,Hamad Ali,Male,Married,0,1,2,2,61,Dubai,Al Mizhar,201,Al Noor Housing Project,Noor,Al Mizhar,0,557,55.4375,25.2613,Special widow case,Efficient layout,Affordable housing initiative,Approved quickly,Needs policy revision,168384939,2026-04-21,240,Grant,Approved,2024-08-19,2024-09-12,1,0,24,952050,24377,High
1805,Abdulla Saeed,Male,Married,0,1,2,0,31,Dubai,Jumeirah,206,Muhaisnah Housing,MH,Jumeirah,0,513,55.2452,25.1899,Standard allocation,Modern villa design,Executive housing initiative,Rejected due to eligibility,Reviewed by manager,105439263,2026-02-06,255,Loan,Rejected,2024-08-01,2024-08-29,0,1,28,510015,26588,Low
1806,Salem Rashid,Male,Married,0,1,2,0,28,Dubai,Al Khawaneej,205,Jumeirah Villas,JV,Al Khawaneej,1,521,55.4626,25.2962,Single parent support,Luxury family layout,Executive housing initiative,Awaiting next committee,Reviewed by housing head,137681170,2026-04-06,169,Grant,In Progress,2024-08-05,,0,0,,1000311,13735,Medium
1807,Abdulla Saeed,Male,Married,0,1,5,3,36,Dubai,Muhaisnah,201,Al Noor Housing Project,Noor,Muhaisnah,0,532,55.4527,25.2517,Pending document allocation,Luxury family layout,Social initiative,Rejected after review,Low-risk heading,161698169,2026-04-10,243,Grant,Rejected,2024-03-23,2024-04-10,0,1,18,1198238,28679,Low
1808,Omar Khalid,Male,Single,0,0,5,1,29,Dubai,Dubai South,203,Khawaneej Family Homes,KFH,Dubai South,0,510,55.1629,24.8807,Large family allocation,Urban tower design,Social initiative,Pending manager review,Low-risk heading,94041512,2026-03-19,267,Loan,In Progress,2024-10-23,,0,0,,981915,17803,Medium
1809,Sara Ahmed,Female,Married,0,0,2,1,44,Dubai,Al Warqa,203,Khawaneej Family Homes,KFH,Al Warqa,0,505,55.423,25.1859,Special widow case,Standard design,Social initiative,Awaiting next committee,Open heading case,136504720,2025-06-28,286,Grant,In Progress,2024-02-23,,0,0,,828476,21942,Medium
1810,Amina Saeed,Female,Married,0,0,4,2,38,Dubai,Al Warqa,204,Barsha Residences,BR,Al Warqa,1,536,55.4036,25.1912,Large family allocation,Concept pending,Executive housing initiative,Approved in committee,Reviewed by manager,203097365,2025-08-24,302,Grant,Approved,2024-04-25,2024-05-07,1,0,12,711165,30717,High
1811,Maha Nasser,Female,Married,0,0,0,0,30,Dubai,Jumeirah,202,Al Rawda Villas,Rawda,Jumeirah,1,549,55.2412,25.2074,Pending document allocation,Revised design,Expansion initiative,Approved in committee,Open heading case,92241220,2025-12-09,311,Grant,Approved,2024-09-05,2024-09-29,1,0,24,1047316,31310,High
1812,Ahmed Ali,Male,Single,0,0,0,0,56,Dubai,Al Mizhar,205,Jumeirah Villas,JV,Al Mizhar,0,538,55.451,25.2411,Standard allocation,Urban tower design,Affordable housing initiative,Approved with remarks,Family support case,158623869,2025-12-08,192,Grant,Approved,2024-01-20,2024-01-30,1,0,10,544081,17665,High
1813,Huda Rashid,Female,Single,0,0,6,0,61,Dubai,Dubai South,201,Al Noor Housing Project,Noor,Dubai South,0,526,55.1582,24.8873,Standard allocation,Modern villa design,Affordable housing initiative,Approved with remarks,Reviewed by manager,134298103,2026-02-04,208,Grant,Approved,2024-09-07,2024-09-30,1,0,23,1004557,21972,High
1814,Ahmed Ali,Male,Married,0,1,6,2,52,Dubai,Al Warqa,207,Mizhar Community Homes,MCH,Al Warqa,1,531,55.4087,25.2215,Special widow case,Urban tower design,Affordable housing initiative,Rejected by policy rule,Family support case,189767200,2025-09-25,124,Loan,Rejected,2024-05-25,2024-06-10,0,1,16,903626,24852,Low
1815,Ahmed Ali,Male,Divorced,0,0,0,0,36,Dubai,Mirdif,209,Nad Al Sheba Homes,NSH,Mirdif,0,523,55.4137,25.2097,Large family allocation,Revised design,Executive housing initiative,Approved in committee,Reviewed by housing head,123829011,2026-01-22,233,Grant,Approved,2024-06-04,2024-06-19,1,0,15,473562,21634,High
1816,Salem Rashid,Male,Married,0,1,1,0,43,Dubai,Mirdif,201,Al Noor Housing Project,Noor,Mirdif,0,537,55.4332,25.2322,Standard allocation,Revised design,Community support initiative,Approved by board,Open heading case,105892370,2025-10-16,267,Loan,Approved,2024-10-22,2024-11-11,1,0,20,553288,24862,High
1817,Yousef Nasser,Male,Married,0,1,3,1,26,Dubai,Mirdif,206,Muhaisnah Housing,MH,Mirdif,0,517,55.4482,25.2135,Large family allocation,Concept pending,Expansion initiative,Approved by board,Reviewed in heading notes,139947284,2025-09-22,246,Grant,Approved,2024-04-02,2024-04-20,1,0,18,585810,14677,High
1818,Latifa Omar,Female,Widow,1,0,6,1,31,Dubai,Mirdif,206,Muhaisnah Housing,MH,Mirdif,0,528,55.4386,25.2027,Pending document allocation,Efficient layout,Expansion initiative,Approved with remarks,Needs policy revision,100596090,2025-09-11,135,Grant,Approved,2024-09-30,2024-10-16,1,0,16,852230,31924,High
1819,Noora Ibrahim,Female,Married,0,0,0,0,35,Dubai,Al Mizhar,208,Dubai South Residences,DSR,Al Mizhar,0,512,55.4538,25.2647,Pending document allocation,Luxury family layout,Phase 1 initiative,Approved by board,Needs policy revision,109628304,2025-09-05,215,Grant,Approved,2024-06-25,2024-07-16,1,0,21,1038275,27812,High
1820,Maha Nasser,Female,Married,0,0,1,0,42,Dubai,Muhaisnah,204,Barsha Residences,BR,Muhaisnah,0,556,55.4499,25.254,Regional demand case,Efficient layout,Social initiative,Rejected due to eligibility,Reviewed by housing head,103350101,2025-06-21,152,Grant,Rejected,2024-08-28,2024-09-27,0,1,30,845432,21918,Low
1821,Khaled Omar,Male,Married,0,0,1,1,53,Dubai,Nad Al Sheba,203,Khawaneej Family Homes,KFH,Nad Al Sheba,1,525,55.3236,25.1569,Fast-track request,Compact design,Social initiative,Approved in committee,Family support case,179032846,2025-12-16,242,Grant,Approved,2024-10-30,2024-11-20,1,0,21,1136645,29383,High
1822,Maryam Hassan,Female,Divorced,0,0,3,3,62,Dubai,Al Aweer,207,Mizhar Community Homes,MCH,Al Aweer,0,519,55.5008,25.1486,Priority family housing,Luxury family layout,Expansion initiative,Approved quickly,Low-risk heading,115306490,2025-08-05,224,Loan,Approved,2024-02-01,2024-02-21,1,0,20,1021731,30583,High
1823,Noora Ibrahim,Female,Widow,1,0,2,2,61,Dubai,Al Mizhar,201,Al Noor Housing Project,Noor,Al Mizhar,0,557,55.4481,25.2682,Special widow case,Urban tower design,Community support initiative,Approved quickly,Needs policy revision,72890451,2025-06-27,316,Loan,Approved,2024-05-07,2024-05-24,1,0,17,684895,30037,High
1824,Sara Ahmed,Female,Married,0,0,4,4,61,Dubai,Al Khawaneej,208,Dubai South Residences,DSR,Al Khawaneej,1,520,55.4676,25.3122,Social support allocation,Revised design,Women support initiative,Rejected by policy rule,Open heading case,164925945,2026-02-21,296,Grant,Rejected,2024-11-13,2024-12-05,0,1,22,736416,14256,Low
1825,Noora Ibrahim,Female,Single,0,0,2,0,52,Dubai,Jumeirah,203,Khawaneej Family Homes,KFH,Jumeirah,0,552,55.2148,25.2051,Large family allocation,Luxury family layout,Expansion initiative,Approved by board,Family support case,175696189,2026-04-21,178,Loan,Approved,2024-03-12,2024-04-02,1,0,21,944680,17000,High
1826,Salem Rashid,Male,Married,0,0,6,5,30,Dubai,Al Aweer,202,Al Rawda Villas,Rawda,Al Aweer,0,515,55.5001,25.1439,Large family allocation,Efficient layout,Community support initiative,Approved in committee,Reviewed in heading notes,106894694,2026-06-23,267,Grant,Approved,2024-07-06,2024-07-29,1,0,23,906151,31505,High
1827,Omar Khalid,Male,Divorced,0,0,2,2,28,Dubai,Al Aweer,203,Khawaneej Family Homes,KFH,Al Aweer,0,504,55.4998,25.1632,Single parent support,Standard design,Executive housing initiative,Rejected by policy rule,Reviewed in heading notes,144915467,2025-12-07,156,Grant,Rejected,2024-06-26,2024-07-23,0,1,27,651143,22720,Low
1828,Sara Ahmed,Female,Married,0,0,6,6,40,Dubai,Al Warqa,210,Al Aweer Villas,AAV,Al Warqa,1,559,55.4103,25.1941,Priority family housing,Concept pending,Phase 1 initiative,Approved quickly,Reviewed in heading notes,80777193,2026-02-09,308,Grant,Approved,2024-02-25,2024-03-19,1,0,23,772015,30548,High
1829,Abdulla Saeed,Male,Single,0,0,3,2,36,Dubai,Al Aweer,209,Nad Al Sheba Homes,NSH,Al Aweer,0,531,55.4967,25.1587,Priority family housing,Compact design,Expansion initiative,Rejected by policy rule,Priority heading,70658867,2025-10-07,225,Grant,Rejected,2024-08-31,2024-09-16,0,1,16,593203,25660,Low
1830,Salem Rashid,Male,Divorced,0,0,0,0,51,Dubai,Al Mizhar,205,Jumeirah Villas,JV,Al Mizhar,0,508,55.4456,25.2714,Standard allocation,Luxury family layout,Affordable housing initiative,Approved by board,Low-risk heading,168605029,2025-12-19,176,Loan,Approved,2024-06-13,2024-06-28,1,0,15,526814,26042,High
1831,Ahmed Ali,Male,Married,0,1,0,0,46,Dubai,Al Barsha,210,Al Aweer Villas,AAV,Al Barsha,0,509,55.2093,25.1095,Fast-track request,Modern villa design,Women support initiative,Approved with remarks,Low-risk heading,167567397,2026-06-11,176,Loan,Approved,2024-01-15,2024-02-01,1,0,17,1000937,29674,High
1832,Yousef Nasser,Male,Married,0,1,1,0,32,Dubai,Al Mizhar,207,Mizhar Community Homes,MCH,Al Mizhar,0,536,55.4522,25.2644,Priority family housing,Efficient layout,Women support initiative,Approved with remarks,Needs policy revision,108794499,2025-09-09,148,Loan,Approved,2024-03-01,2024-03-20,1,0,19,509749,27307,High
1833,Yousef Nasser,Male,Divorced,0,0,0,0,49,Dubai,Al Warqa,201,Al Noor Housing Project,Noor,Al Warqa,0,529,55.412,25.2194,Priority family housing,Modern villa design,Phase 1 initiative,Approved with remarks,Needs policy revision,94396605,2026-07-02,167,Loan,Approved,2024-02-13,2024-02-29,1,0,16,485156,22705,High
1834,Ahmed Ali,Male,Divorced,0,0,4,2,45,Dubai,Al Aweer,210,Al Aweer Villas,AAV,Al Aweer,1,509,55.4897,25.177,Special widow case,Luxury family layout,Expansion initiative,Approved quickly,Family support case,91525303,2025-10-03,209,Grant,Approved,2024-08-23,2024-09-15,1,0,23,1150359,30812,High
1835,Sara Ahmed,Female,Married,0,0,7,1,54,Dubai,Muhaisnah,209,Nad Al Sheba Homes,NSH,Muhaisnah,0,542,55.4496,25.2622,Special widow case,Efficient layout,Phase 1 initiative,Awaiting next review,Priority heading,95316723,2026-03-27,179,Grant,On Hold,2024-09-19,,0,0,,827351,23673,Medium
1836,Maryam Hassan,Female,Married,0,0,0,0,49,Dubai,Nad Al Sheba,205,Jumeirah Villas,JV,Nad Al Sheba,0,554,55.3213,25.171,Social support allocation,Concept pending,Community support initiative,Approved in committee,Open heading case,125342396,2025-10-06,210,Loan,Approved,2024-03-01,2024-03-15,1,0,14,891091,12370,High
1837,Maha Nasser,Female,Married,0,0,5,4,56,Dubai,Mirdif,203,Khawaneej Family Homes,KFH,Mirdif,0,524,55.4143,25.23,Large family allocation,Urban tower design,Phase 1 initiative,Rejected due to eligibility,Reviewed by housing head,101659944,2026-04-09,151,Loan,Rejected,2024-04-21,2024-05-14,0,1,23,502068,14167,Low
1838,Amina Saeed,Female,Married,0,0,6,3,45,Dubai,Al Warqa,208,Dubai South Residences,DSR,Al Warqa,0,512,55.4367,25.2214,Special widow case,Concept pending,Expansion initiative,Approved with remarks,Needs policy revision,117560358,2025-06-12,262,Grant,Approved,2024-01-14,2024-02-01,1,0,18,1099873,19287,High
1839,Maha Nasser,Female,Married,0,0,3,0,59,Dubai,Nad Al Sheba,204,Barsha Residences,BR,Nad Al Sheba,0,522,55.3188,25.1839,Special widow case,Modern villa design,Social initiative,Rejected by policy rule,Low-risk heading,94031329,2026-03-14,234,Loan,Rejected,2024-11-18,2024-12-06,0,1,18,560145,28860,Low
1840,Maryam Hassan,Female,Widow,1,0,2,2,59,Dubai,Al Aweer,202,Al Rawda Villas,Rawda,Al Aweer,0,545,55.5193,25.1487,Single parent support,Compact design,Community support initiative,Approved in committee,Open heading case,197246085,2026-06-14,291,Grant,Approved,2024-02-23,2024-03-06,1,0,12,1002148,15099,High
1841,Noora Ibrahim,Female,Married,0,0,0,0,59,Dubai,Al Khawaneej,202,Al Rawda Villas,Rawda,Al Khawaneej,0,514,55.4592,25.3129,Large family allocation,Urban tower design,Expansion initiative,Approved with remarks,Escalated case,136923072,2025-09-18,178,Grant,Approved,2024-02-11,2024-02-25,1,0,14,466191,16738,High
1842,Sara Ahmed,Female,Married,0,0,4,0,30,Dubai,Muhaisnah,205,Jumeirah Villas,JV,Muhaisnah,1,552,55.4457,25.2887,Large family allocation,Urban tower design,Community support initiative,Rejected by policy rule,Priority heading,164335918,2025-12-29,217,Loan,Rejected,2024-04-20,2024-05-07,0,1,17,815811,27840,Low
1843,Hamad Ali,Male,Married,0,1,4,1,50,Dubai,Mirdif,209,Nad Al Sheba Homes,NSH,Mirdif,1,524,55.453,25.2088,Special widow case,Luxury family layout,Phase 1 initiative,Approved quickly,Escalated case,82747574,2026-05-29,209,Loan,Approved,2024-10-28,2024-11-17,1,0,20,554822,27483,High
1844,Salem Rashid,Male,Single,0,0,6,0,50,Dubai,Al Mizhar,208,Dubai South Residences,DSR,Al Mizhar,0,550,55.4601,25.2581,Social support allocation,Concept pending,Community support initiative,Approved quickly,Escalated case,209448522,2026-03-26,302,Grant,Approved,2024-10-15,2024-10-28,1,0,13,987706,27906,High
1845,Huda Rashid,Female,Widow,1,0,7,1,41,Dubai,Al Aweer,203,Khawaneej Family Homes,KFH,Al Aweer,0,506,55.5117,25.1514,Fast-track request,Urban tower design,Community support initiative,Awaiting next review,Reviewed in heading notes,121117983,2025-12-27,184,Loan,On Hold,2024-11-13,,0,0,,671699,17196,Medium
1846,Amina Saeed,Female,Married,0,0,3,3,31,Dubai,Al Barsha,201,Al Noor Housing Project,Noor,Al Barsha,0,518,55.202,25.1168,Single parent support,Revised design,Social initiative,Rejected due to eligibility,Escalated case,120402438,2026-03-11,217,Grant,Rejected,2024-07-26,2024-08-25,0,1,30,679285,24858,Low
1847,Amina Saeed,Female,Divorced,0,0,5,4,42,Dubai,Mirdif,210,Al Aweer Villas,AAV,Mirdif,0,536,55.45,25.2339,Standard allocation,Revised design,Social initiative,Pending manager review,Reviewed by housing head,124631331,2025-06-27,282,Loan,In Progress,2024-05-13,,0,0,,823725,17927,Medium
1848,Latifa Omar,Female,Married,0,0,5,0,31,Dubai,Al Mizhar,204,Barsha Residences,BR,Al Mizhar,0,526,55.4392,25.2387,Special widow case,Urban tower design,Expansion initiative,Awaiting next committee,Family support case,86465447,2025-12-02,129,Grant,In Progress,2024-01-23,,0,0,,996691,27961,Medium
1849,Omar Khalid,Male,Married,0,0,0,0,46,Dubai,Muhaisnah,206,Muhaisnah Housing,MH,Muhaisnah,0,520,55.4509,25.2621,Regional demand case,Standard design,Expansion initiative,Approved quickly,Escalated case,153226869,2026-07-14,237,Grant,Approved,2024-01-17,2024-02-05,1,0,19,578404,28774,High
1850,Hamad Ali,Male,Married,0,0,2,1,62,Dubai,Al Barsha,206,Muhaisnah Housing,MH,Al Barsha,0,536,55.1831,25.1126,Special widow case,Concept pending,Expansion initiative,Approved quickly,Reviewed by housing head,78382482,2026-01-06,224,Loan,Approved,2024-08-06,2024-08-18,1,0,12,1027069,18212,High
1851,Maryam Hassan,Female,Single,0,0,1,1,38,Dubai,Al Mizhar,210,Al Aweer Villas,AAV,Al Mizhar,0,521,55.4256,25.268,Social support allocation,Urban tower design,Expansion initiative,Awaiting next review,Family support case,154868083,2025-07-28,138,Loan,On Hold,2024-11-26,,0,0,,542401,14267,Medium
1852,Fatima Khalid,Female,Widow,1,0,2,0,41,Dubai,Dubai South,206,Muhaisnah Housing,MH,Dubai South,0,560,55.1725,24.8868,Standard allocation,Standard design,Phase 1 initiative,Approved by board,Low-risk heading,92432736,2026-05-10,199,Loan,Approved,2024-09-27,2024-10-14,1,0,17,879370,20187,High
1853,Abdulla Saeed,Male,Married,0,0,0,0,41,Dubai,Muhaisnah,204,Barsha Residences,BR,Muhaisnah,0,540,55.4417,25.2865,Special widow case,Modern villa design,Affordable housing initiative,Pending review,Priority heading,147669735,2026-02-26,286,Loan,In Progress,2024-06-14,,0,0,,566086,13027,Medium
1854,Khaled Omar,Male,Single,0,0,4,2,61,Dubai,Dubai South,209,Nad Al Sheba Homes,NSH,Dubai South,0,517,55.1581,24.91,Fast-track request,Modern villa design,Executive housing initiative,Rejected due to eligibility,Low-risk heading,79205755,2025-07-29,190,Loan,Rejected,2024-09-01,2024-09-20,0,1,19,475599,13754,Low
1855,Amina Saeed,Female,Married,0,0,5,2,42,Dubai,Al Khawaneej,202,Al Rawda Villas,Rawda,Al Khawaneej,0,523,55.4602,25.3052,Standard allocation,Concept pending,Affordable housing initiative,Approved quickly,Low-risk heading,142909884,2026-03-14,220,Grant,Approved,2024-01-03,2024-01-19,1,0,16,875882,19625,High
1856,Noora Ibrahim,Female,Widow,1,0,3,1,44,Dubai,Al Aweer,204,Barsha Residences,BR,Al Aweer,0,557,55.5019,25.1694,Regional demand case,Compact design,Community support initiative,Rejected due to eligibility,Escalated case,80547205,2025-09-16,166,Loan,Rejected,2024-07-06,2024-08-02,0,1,27,1101061,29467,Low
1857,Maryam Hassan,Female,Single,0,0,0,0,30,Dubai,Al Khawaneej,203,Khawaneej Family Homes,KFH,Al Khawaneej,0,512,55.4755,25.3001,Regional demand case,Compact design,Executive housing initiative,Approved in committee,Escalated case,132274608,2026-01-03,262,Grant,Approved,2024-09-20,2024-10-02,1,0,12,838119,14275,High
1858,Fatima Khalid,Female,Divorced,0,0,6,4,31,Dubai,Al Warqa,204,Barsha Residences,BR,Al Warqa,1,551,55.4342,25.2157,Pending document allocation,Luxury family layout,Community support initiative,Approved with remarks,Family support case,67384617,2026-03-08,153,Grant,Approved,2024-02-27,2024-03-16,1,0,18,465179,31550,High
1859,Amina Saeed,Female,Married,0,0,3,1,34,Dubai,Al Khawaneej,205,Jumeirah Villas,JV,Al Khawaneej,0,535,55.4478,25.3219,Large family allocation,Efficient layout,Women support initiative,Rejected after review,Reviewed by manager,178846994,2026-01-23,274,Loan,Rejected,2024-07-08,2024-07-27,0,1,19,1040333,16303,Low
1860,Maha Nasser,Female,Married,0,0,4,2,27,Dubai,Mirdif,204,Barsha Residences,BR,Mirdif,1,545,55.4164,25.2383,Social support allocation,Modern villa design,Affordable housing initiative,Awaiting next committee,Needs policy revision,115931631,2026-02-16,148,Loan,In Progress,2024-05-19,,0,0,,929219,20986,Medium
1861,Maryam Hassan,Female,Divorced,0,0,6,6,42,Dubai,Al Warqa,207,Mizhar Community Homes,MCH,Al Warqa,0,547,55.4186,25.1924,Large family allocation,Modern villa design,Women support initiative,Approved in committee,Reviewed by manager,157537654,2026-03-09,271,Loan,Approved,2024-10-01,2024-10-25,1,0,24,478251,17740,High
1862,Yousef Nasser,Male,Married,0,1,6,2,60,Dubai,Al Aweer,209,Nad Al Sheba Homes,NSH,Al Aweer,0,536,55.5053,25.1765,Single parent support,Standard design,Community support initiative,Approved in committee,Priority heading,75033353,2025-07-07,254,Loan,Approved,2024-02-08,2024-02-22,1,0,14,1158852,23339,High
1863,Latifa Omar,Female,Single,0,0,5,1,57,Dubai,Al Warqa,205,Jumeirah Villas,JV,Al Warqa,0,545,55.4005,25.2232,Social support allocation,Compact design,Phase 1 initiative,Rejected by policy rule,Open heading case,141869021,2025-12-07,320,Loan,Rejected,2024-10-06,2024-10-27,0,1,21,572819,12248,Low
1864,Latifa Omar,Female,Widow,1,0,0,0,30,Dubai,Nad Al Sheba,201,Al Noor Housing Project,Noor,Nad Al Sheba,0,523,55.3357,25.1754,Pending document allocation,Compact design,Women support initiative,Rejected after review,Priority heading,75389482,2025-11-08,315,Grant,Rejected,2024-03-26,2024-04-13,0,1,18,788798,19443,Low
1865,Hamad Ali,Male,Married,0,1,2,1,29,Dubai,Al Warqa,206,Muhaisnah Housing,MH,Al Warqa,0,539,55.4382,25.1924,Regional demand case,Revised design,Expansion initiative,Approved quickly,Open heading case,65614486,2025-12-04,210,Loan,Approved,2024-09-09,2024-09-20,1,0,11,1179303,26017,High
1866,Maha Nasser,Female,Widow,1,0,5,0,53,Dubai,Al Aweer,208,Dubai South Residences,DSR,Al Aweer,0,558,55.4992,25.1527,Pending document allocation,Standard design,Community support initiative,Approved in committee,Escalated case,100119315,2026-06-19,240,Loan,Approved,2024-10-11,2024-10-22,1,0,11,893881,16965,High
1867,Salem Rashid,Male,Married,0,1,4,4,30,Dubai,Mirdif,205,Jumeirah Villas,JV,Mirdif,0,544,55.441,25.2324,Pending document allocation,Efficient layout,Affordable housing initiative,Approved in committee,Needs policy revision,77028091,2025-06-28,204,Grant,Approved,2024-09-21,2024-10-13,1,0,22,792325,24258,High
1868,Abdulla Saeed,Male,Married,0,0,4,1,57,Dubai,Al Warqa,205,Jumeirah Villas,JV,Al Warqa,0,519,55.421,25.1908,Fast-track request,Standard design,Community support initiative,Approved with remarks,Reviewed by housing head,135244487,2025-12-05,301,Loan,Approved,2024-01-27,2024-02-08,1,0,12,487610,20132,High
1869,Amina Saeed,Female,Widow,1,0,1,1,52,Dubai,Al Aweer,202,Al Rawda Villas,Rawda,Al Aweer,0,522,55.5141,25.1504,Regional demand case,Urban tower design,Executive housing initiative,Approved quickly,Reviewed by manager,124996684,2025-11-11,209,Loan,Approved,2024-10-26,2024-11-09,1,0,14,1152704,23724,High
1870,Maha Nasser,Female,Single,0,0,4,3,56,Dubai,Dubai South,204,Barsha Residences,BR,Dubai South,0,560,55.176,24.8864,Special widow case,Revised design,Expansion initiative,Rejected due to eligibility,Reviewed by housing head,184289717,2025-06-21,143,Loan,Rejected,2024-02-04,2024-02-19,0,1,15,1086004,26517,Low
1871,Ahmed Ali,Male,Divorced,0,0,0,0,46,Dubai,Nad Al Sheba,209,Nad Al Sheba Homes,NSH,Nad Al Sheba,0,555,55.3108,25.1644,Large family allocation,Standard design,Social initiative,Awaiting next review,Family support case,105802246,2025-06-15,317,Loan,On Hold,2024-10-31,,0,0,,671574,21245,Medium
1872,Maryam Hassan,Female,Single,0,0,0,0,58,Dubai,Nad Al Sheba,202,Al Rawda Villas,Rawda,Nad Al Sheba,0,552,55.305,25.1626,Fast-track request,Revised design,Women support initiative,Approved quickly,Reviewed by manager,154267511,2026-04-27,309,Loan,Approved,2024-05-17,2024-06-03,1,0,17,1175702,23500,High
1873,Abdulla Saeed,Male,Single,0,0,3,2,57,Dubai,Jumeirah,208,Dubai South Residences,DSR,Jumeirah,0,548,55.2523,25.2212,Special widow case,Luxury family layout,Expansion initiative,Pending review,Priority heading,94648166,2026-02-19,218,Grant,In Progress,2024-01-21,,0,0,,548985,30760,Medium
1874,Yousef Nasser,Male,Married,0,1,3,2,57,Dubai,Al Aweer,202,Al Rawda Villas,Rawda,Al Aweer,0,524,55.5078,25.1524,Fast-track request,Modern villa design,Affordable housing initiative,Approved in committee,Open heading case,200867872,2025-07-05,259,Grant,Approved,2024-04-22,2024-05-10,1,0,18,464035,27340,High
1875,Omar Khalid,Male,Married,0,1,3,0,29,Dubai,Al Warqa,208,Dubai South Residences,DSR,Al Warqa,0,554,55.4079,25.1865,Fast-track request,Luxury family layout,Community support initiative,Approved with remarks,Needs policy revision,178593265,2025-12-21,138,Loan,Approved,2024-09-05,2024-09-20,1,0,15,1051223,21277,High
1876,Noora Ibrahim,Female,Widow,1,0,3,0,60,Dubai,Nad Al Sheba,201,Al Noor Housing Project,Noor,Nad Al Sheba,0,534,55.3352,25.1477,Regional demand case,Efficient layout,Phase 1 initiative,Approved with remarks,Reviewed in heading notes,106073026,2026-01-11,129,Loan,Approved,2024-06-07,2024-06-25,1,0,18,895569,29480,High
1877,Maryam Hassan,Female,Married,0,0,2,1,60,Dubai,Muhaisnah,207,Mizhar Community Homes,MCH,Muhaisnah,0,531,55.4399,25.2707,Pending document allocation,Concept pending,Women support initiative,Approved quickly,Reviewed by housing head,122425923,2025-10-30,317,Loan,Approved,2024-10-10,2024-10-27,1,0,17,657858,17576,High
1878,Hamad Ali,Male,Single,0,0,5,2,30,Dubai,Muhaisnah,202,Al Rawda Villas,Rawda,Muhaisnah,0,560,55.4406,25.2648,Social support allocation,Standard design,Executive housing initiative,Pending manager review,Low-risk heading,79229034,2026-03-30,275,Grant,In Progress,2024-08-22,,0,0,,529587,12060,Medium
1879,Salem Rashid,Male,Married,0,1,2,0,62,Dubai,Nad Al Sheba,208,Dubai South Residences,DSR,Nad Al Sheba,0,553,55.3339,25.1688,Regional demand case,Luxury family layout,Phase 1 initiative,Rejected by policy rule,Reviewed by manager,72208771,2025-10-08,191,Loan,Rejected,2024-10-20,2024-11-15,0,1,26,1120867,20874,Low
1880,Omar Khalid,Male,Married,0,1,4,1,35,Dubai,Nad Al Sheba,208,Dubai South Residences,DSR,Nad Al Sheba,0,545,55.3311,25.1591,Fast-track request,Modern villa design,Expansion initiative,Rejected due to eligibility,Needs policy revision,200846002,2026-05-18,237,Grant,Rejected,2024-09-19,2024-10-07,0,1,18,555926,15434,Low
1881,Salem Rashid,Male,Married,0,1,1,0,43,Dubai,Al Aweer,207,Mizhar Community Homes,MCH,Al Aweer,0,543,55.4808,25.1577,Special widow case,Revised design,Expansion initiative,Approved by board,Family support case,179979562,2025-10-25,168,Grant,Approved,2024-07-17,2024-08-03,1,0,17,832941,23464,High
1882,Maha Nasser,Female,Married,0,0,6,3,29,Dubai,Al Warqa,208,Dubai South Residences,DSR,Al Warqa,0,506,55.407,25.2233,Priority family housing,Compact design,Social initiative,Approved with remarks,Open heading case,86806057,2025-11-17,211,Loan,Approved,2024-05-10,2024-05-31,1,0,21,727999,20708,High
1883,Ahmed Ali,Male,Married,0,0,3,2,56,Dubai,Al Warqa,205,Jumeirah Villas,JV,Al Warqa,0,543,55.4219,25.2039,Fast-track request,Revised design,Affordable housing initiative,Rejected after review,Escalated case,189761427,2026-03-16,168,Grant,Rejected,2024-05-08,2024-05-29,0,1,21,533216,31728,Low
1884,Majid Hassan,Male,Divorced,0,0,1,1,47,Dubai,Al Khawaneej,209,Nad Al Sheba Homes,NSH,Al Khawaneej,0,520,55.4612,25.309,Single parent support,Luxury family layout,Social initiative,Approved with remarks,Low-risk heading,143485143,2026-06-19,163,Grant,Approved,2024-10-26,2024-11-05,1,0,10,1075352,24222,High
1885,Noora Ibrahim,Female,Widow,1,0,5,4,45,Dubai,Al Mizhar,209,Nad Al Sheba Homes,NSH,Al Mizhar,0,506,55.4518,25.266,Fast-track request,Revised design,Expansion initiative,Approved quickly,Family support case,142835808,2025-06-17,141,Loan,Approved,2024-09-14,2024-09-26,1,0,12,1076005,13323,High
1886,Latifa Omar,Female,Divorced,0,0,3,2,57,Dubai,Nad Al Sheba,201,Al Noor Housing Project,Noor,Nad Al Sheba,0,502,55.326,25.1579,Priority family housing,Urban tower design,Executive housing initiative,Deferred for clarification,Family support case,205474097,2026-02-09,220,Grant,On Hold,2024-11-15,,0,0,,452995,24843,Medium
1887,Fatima Khalid,Female,Widow,1,0,4,3,35,Dubai,Al Barsha,209,Nad Al Sheba Homes,NSH,Al Barsha,0,521,55.2039,25.1121,Standard allocation,Revised design,Community support initiative,Approved quickly,Priority heading,208931546,2025-08-09,272,Loan,Approved,2024-11-18,2024-12-09,1,0,21,858651,28979,High
1888,Fatima Khalid,Female,Married,0,0,2,1,39,Dubai,Al Mizhar,207,Mizhar Community Homes,MCH,Al Mizhar,0,558,55.4353,25.234,Priority family housing,Compact design,Executive housing initiative,Approved by board,Priority heading,213620229,2026-04-11,189,Grant,Approved,2024-10-06,2024-10-18,1,0,12,869870,13268,High
1889,Amina Saeed,Female,Married,0,0,2,1,30,Dubai,Al Warqa,208,Dubai South Residences,DSR,Al Warqa,0,543,55.4276,25.2231,Special widow case,Concept pending,Affordable housing initiative,Approved quickly,Priority heading,94590609,2026-01-07,178,Grant,Approved,2024-08-16,2024-09-02,1,0,17,476384,12033,High
1890,Ahmed Ali,Male,Married,0,0,4,1,42,Dubai,Dubai South,206,Muhaisnah Housing,MH,Dubai South,0,541,55.1772,24.8802,Social support allocation,Modern villa design,Phase 1 initiative,Approved with remarks,Open heading case,143859393,2026-01-20,235,Loan,Approved,2024-03-04,2024-03-24,1,0,20,994243,28380,High
1891,Noora Ibrahim,Female,Married,0,0,2,0,59,Dubai,Al Khawaneej,208,Dubai South Residences,DSR,Al Khawaneej,0,527,55.4677,25.3072,Standard allocation,Urban tower design,Affordable housing initiative,Approved in committee,Escalated case,93555279,2025-09-22,223,Grant,Approved,2024-11-21,2024-12-12,1,0,21,613992,12635,High
1892,Latifa Omar,Female,Married,0,0,9,1,24,Dubai,Al Mizhar,205,Jumeirah Villas,JV,Al Mizhar,0,512,55.4496,25.2639,Priority family housing,Urban tower design,Expansion initiative,Approved by board,Reviewed in heading notes,191356530,2026-03-24,198,Grant,Approved,2024-06-14,2024-07-02,1,0,18,1029166,29275,High
1893,Sara Ahmed,Female,Single,0,0,4,2,60,Dubai,Al Aweer,208,Dubai South Residences,DSR,Al Aweer,0,532,55.4855,25.1714,Social support allocation,Efficient layout,Executive housing initiative,Approved in committee,Reviewed in heading notes,83132481,2026-03-22,301,Loan,Approved,2024-07-05,2024-07-22,1,0,17,972097,19730,High
1894,Salem Rashid,Male,Married,0,1,0,0,47,Dubai,Nad Al Sheba,202,Al Rawda Villas,Rawda,Nad Al Sheba,0,537,55.3256,25.1481,Large family allocation,Modern villa design,Executive housing initiative,Approved quickly,Priority heading,218971964,2026-02-14,148,Loan,Approved,2024-01-13,2024-01-30,1,0,17,1162848,15844,High
1895,Amina Saeed,Female,Divorced,0,0,4,3,57,Dubai,Al Warqa,201,Al Noor Housing Project,Noor,Al Warqa,0,502,55.4281,25.2163,Priority family housing,Revised design,Community support initiative,Approved in committee,Reviewed by manager,143537269,2026-07-17,251,Grant,Approved,2024-06-02,2024-06-23,1,0,21,919120,15394,High
1896,Noora Ibrahim,Female,Married,0,0,2,1,57,Dubai,Al Aweer,206,Muhaisnah Housing,MH,Al Aweer,0,550,55.4875,25.1497,Special widow case,Revised design,Social initiative,Approved quickly,Needs policy revision,196735485,2025-08-05,129,Grant,Approved,2024-10-29,2024-11-11,1,0,13,535653,15908,High
1897,Yousef Nasser,Male,Single,0,0,2,0,32,Dubai,Dubai South,204,Barsha Residences,BR,Dubai South,0,554,55.1762,24.9104,Priority family housing,Modern villa design,Community support initiative,Rejected by policy rule,Reviewed in heading notes,111178062,2025-11-12,234,Loan,Rejected,2024-05-28,2024-06-15,0,1,18,921633,26337,Low
1898,Omar Khalid,Male,Married,0,1,3,0,41,Dubai,Al Aweer,203,Khawaneej Family Homes,KFH,Al Aweer,1,560,55.5194,25.1496,Special widow case,Efficient layout,Social initiative,Approved quickly,Reviewed in heading notes,215996678,2026-02-09,298,Loan,Approved,2024-06-16,2024-07-03,1,0,17,651612,23990,High
1899,Hamad Ali,Male,Married,0,1,0,0,39,Dubai,Al Mizhar,205,Jumeirah Villas,JV,Al Mizhar,0,556,55.458,25.2496,Pending document allocation,Concept pending,Social initiative,Approved in committee,Family support case,187525436,2025-08-19,171,Grant,Approved,2024-10-31,2024-11-11,1,0,11,490634,19823,High
1900,Latifa Omar,Female,Widow,1,0,5,0,55,Dubai,Al Aweer,210,Al Aweer Villas,AAV,Al Aweer,0,556,55.5179,25.1509,Priority family housing,Urban tower design,Community support initiative,Rejected by policy rule,Escalated case,184614357,2025-12-21,310,Grant,Rejected,2024-10-14,2024-11-07,0,1,24,570461,28023,Low
1901,Amina Saeed,Female,Married,0,0,7,1,31,Dubai,Nad Al Sheba,203,Khawaneej Family Homes,KFH,Nad Al Sheba,0,538,55.3017,25.1774,Single parent support,Concept pending,Phase 1 initiative,Awaiting next review,Priority heading,72437093,2025-11-22,213,Loan,On Hold,2024-01-21,,0,0,,549073,17290,Medium
1902,Maha Nasser,Female,Widow,1,0,0,0,27,Dubai,Dubai South,208,Dubai South Residences,DSR,Dubai South,0,539,55.179,24.8949,Large family allocation,Modern villa design,Executive housing initiative,Rejected after review,Reviewed by housing head,65784536,2025-09-19,187,Loan,Rejected,2024-05-04,2024-05-21,0,1,17,917667,23748,Low
1903,Omar Khalid,Male,Married,0,1,4,0,38,Dubai,Al Mizhar,209,Nad Al Sheba Homes,NSH,Al Mizhar,1,534,55.4308,25.2525,Large family allocation,Efficient layout,Executive housing initiative,Approved by board,Reviewed by manager,150316971,2026-01-27,210,Loan,Approved,2024-09-23,2024-10-06,1,0,13,1020445,22559,High
1904,Ahmed Ali,Male,Married,0,1,0,0,35,Dubai,Al Khawaneej,206,Muhaisnah Housing,MH,Al Khawaneej,0,526,55.4431,25.3256,Special widow case,Standard design,Phase 1 initiative,Rejected by policy rule,Reviewed in heading notes,152934035,2026-02-20,184,Loan,Rejected,2024-04-14,2024-04-30,0,1,16,712908,22850,Low
1905,Amina Saeed,Female,Divorced,0,0,5,5,41,Dubai,Al Mizhar,208,Dubai South Residences,DSR,Al Mizhar,0,553,55.4277,25.2689,Large family allocation,Compact design,Executive housing initiative,Approved by board,Open heading case,89390971,2025-09-12,253,Loan,Approved,2024-07-22,2024-08-10,1,0,19,567122,27000,High
1906,Yousef Nasser,Male,Divorced,0,0,2,2,26,Dubai,Al Barsha,208,Dubai South Residences,DSR,Al Barsha,0,539,55.2149,25.1173,Priority family housing,Modern villa design,Affordable housing initiative,Rejected by policy rule,Reviewed by manager,191352343,2025-09-13,214,Grant,Rejected,2024-02-22,2024-03-17,0,1,24,560963,16785,Low
1907,Sara Ahmed,Female,Married,0,0,4,0,38,Dubai,Al Barsha,205,Jumeirah Villas,JV,Al Barsha,0,527,55.2024,25.0968,Regional demand case,Concept pending,Executive housing initiative,Approved by board,Reviewed in heading notes,98862492,2026-01-15,311,Loan,Approved,2024-02-07,2024-03-02,1,0,24,1170529,24644,High
1908,Maha Nasser,Female,Married,0,0,3,3,51,Dubai,Al Barsha,204,Barsha Residences,BR,Al Barsha,0,536,55.1855,25.1261,Fast-track request,Revised design,Women support initiative,Approved by board,Reviewed in heading notes,175225864,2025-06-07,295,Loan,Approved,2024-03-13,2024-04-05,1,0,23,729379,29177,High
1909,Abdulla Saeed,Male,Married,0,1,2,0,47,Dubai,Al Warqa,204,Barsha Residences,BR,Al Warqa,0,559,55.4038,25.2033,Pending document allocation,Standard design,Phase 1 initiative,Pending review,Priority heading,90674947,2025-12-15,171,Grant,In Progress,2024-01-25,,0,0,,525701,15055,Medium
1910,Sara Ahmed,Female,Married,0,0,4,4,33,Dubai,Al Warqa,207,Mizhar Community Homes,MCH,Al Warqa,0,558,55.4206,25.2221,Large family allocation,Efficient layout,Executive housing initiative,Rejected by policy rule,Reviewed by manager,206142884,2026-05-02,177,Grant,Rejected,2024-02-03,2024-02-17,0,1,14,901690,19506,Low
1911,Noora Ibrahim,Female,Divorced,0,0,3,3,28,Dubai,Al Barsha,205,Jumeirah Villas,JV,Al Barsha,0,522,55.1868,25.1033,Special widow case,Efficient layout,Social initiative,Approved by board,Reviewed by housing head,85262641,2025-09-17,212,Grant,Approved,2024-09-15,2024-09-28,1,0,13,618556,26191,High
1912,Abdulla Saeed,Male,Married,0,0,1,0,37,Dubai,Al Barsha,205,Jumeirah Villas,JV,Al Barsha,0,557,55.1952,25.1006,Standard allocation,Luxury family layout,Executive housing initiative,Approved by board,Reviewed by manager,198773709,2026-04-25,244,Grant,Approved,2024-04-07,2024-04-24,1,0,17,756452,13923,High
1913,Maryam Hassan,Female,Widow,1,0,3,0,55,Dubai,Al Aweer,201,Al Noor Housing Project,Noor,Al Aweer,0,553,55.513,25.1747,Standard allocation,Revised design,Community support initiative,Approved in committee,Priority heading,77026270,2026-01-26,294,Grant,Approved,2024-01-12,2024-01-22,1,0,10,684995,18535,High
1914,Yousef Nasser,Male,Married,0,1,2,0,28,Dubai,Jumeirah,205,Jumeirah Villas,JV,Jumeirah,0,537,55.2528,25.2221,Priority family housing,Concept pending,Phase 1 initiative,Approved by board,Reviewed by manager,154216804,2025-11-27,156,Grant,Approved,2024-04-12,2024-05-02,1,0,20,463306,13881,High
1915,Salem Rashid,Male,Single,0,0,0,0,53,Dubai,Al Khawaneej,206,Muhaisnah Housing,MH,Al Khawaneej,0,543,55.4746,25.3247,Fast-track request,Standard design,Social initiative,Approved by board,Reviewed by housing head,144736358,2025-10-27,152,Loan,Approved,2024-03-24,2024-04-07,1,0,14,924053,27573,High
1916,Fatima Khalid,Female,Single,0,0,3,3,24,Dubai,Muhaisnah,207,Mizhar Community Homes,MCH,Muhaisnah,0,531,55.4423,25.2606,Regional demand case,Concept pending,Expansion initiative,Rejected due to eligibility,Escalated case,180150214,2026-04-10,290,Loan,Rejected,2024-10-22,2024-11-10,0,1,19,882441,19971,Low
1917,Salem Rashid,Male,Divorced,0,0,5,5,53,Dubai,Al Khawaneej,204,Barsha Residences,BR,Al Khawaneej,1,526,55.4422,25.3289,Social support allocation,Efficient layout,Social initiative,Approved by board,Needs policy revision,204981792,2025-11-03,151,Loan,Approved,2024-01-31,2024-02-10,1,0,10,459948,23364,High
1918,Maryam Hassan,Female,Married,0,0,4,4,61,Dubai,Al Aweer,206,Muhaisnah Housing,MH,Al Aweer,0,521,55.4933,25.1527,Fast-track request,Compact design,Affordable housing initiative,Approved by board,Open heading case,134458460,2025-09-15,209,Loan,Approved,2024-06-21,2024-07-04,1,0,13,758368,15367,High
1919,Yousef Nasser,Male,Married,0,0,6,3,39,Dubai,Al Warqa,207,Mizhar Community Homes,MCH,Al Warqa,0,503,55.4103,25.2094,Standard allocation,Modern villa design,Women support initiative,Approved quickly,Needs policy revision,87842791,2026-04-10,300,Grant,Approved,2024-05-12,2024-06-02,1,0,21,956079,26231,High
1920,Sara Ahmed,Female,Single,0,0,4,3,39,Dubai,Muhaisnah,205,Jumeirah Villas,JV,Muhaisnah,0,552,55.4586,25.2805,Social support allocation,Modern villa design,Social initiative,Deferred for clarification,Low-risk heading,100771874,2025-06-17,264,Grant,On Hold,2024-04-02,,0,0,,1074458,16048,Medium
1921,Huda Rashid,Female,Married,0,0,5,5,53,Dubai,Muhaisnah,205,Jumeirah Villas,JV,Muhaisnah,0,556,55.4485,25.2539,Priority family housing,Efficient layout,Expansion initiative,Approved by board,Family support case,148397278,2026-02-15,142,Loan,Approved,2024-03-08,2024-03-22,1,0,14,888998,26480,High
1922,Maha Nasser,Female,Divorced,0,0,2,0,26,Dubai,Al Aweer,201,Al Noor Housing Project,Noor,Al Aweer,0,518,55.5021,25.1787,Special widow case,Concept pending,Expansion initiative,Approved in committee,Reviewed in heading notes,205653606,2025-07-16,306,Loan,Approved,2024-04-27,2024-05-19,1,0,22,989302,17327,High
1923,Noora Ibrahim,Female,Widow,1,0,6,0,46,Dubai,Al Khawaneej,206,Muhaisnah Housing,MH,Al Khawaneej,0,546,55.456,25.2891,Single parent support,Revised design,Social initiative,Awaiting next committee,Reviewed by housing head,92227738,2025-07-23,131,Loan,In Progress,2024-06-26,,0,0,,787417,17511,Medium
1924,Omar Khalid,Male,Married,0,1,6,3,50,Dubai,Mirdif,209,Nad Al Sheba Homes,NSH,Mirdif,1,526,55.4422,25.2186,Large family allocation,Compact design,Social initiative,Awaiting next committee,Priority heading,213487776,2026-01-31,319,Loan,In Progress,2024-03-28,,0,0,,1198436,21456,Medium
1925,Latifa Omar,Female,Divorced,0,0,1,0,35,Dubai,Nad Al Sheba,209,Nad Al Sheba Homes,NSH,Nad Al Sheba,0,507,55.3227,25.1655,Single parent support,Urban tower design,Affordable housing initiative,Approved by board,Low-risk heading,199483241,2025-10-05,200,Loan,Approved,2024-08-14,2024-09-05,1,0,22,500393,15272,High
1926,Noora Ibrahim,Female,Single,0,0,2,2,58,Dubai,Al Barsha,210,Al Aweer Villas,AAV,Al Barsha,0,502,55.2068,25.094,Standard allocation,Luxury family layout,Expansion initiative,Approved with remarks,Needs policy revision,198654547,2026-06-06,217,Loan,Approved,2024-01-15,2024-02-08,1,0,24,1124642,14702,High
1927,Fatima Khalid,Female,Single,0,0,4,3,33,Dubai,Al Warqa,207,Mizhar Community Homes,MCH,Al Warqa,0,550,55.4397,25.1984,Fast-track request,Standard design,Women support initiative,Approved by board,Needs policy revision,118051109,2025-09-17,246,Grant,Approved,2024-03-30,2024-04-22,1,0,23,983443,23030,High
1928,Ahmed Ali,Male,Married,0,1,4,1,54,Dubai,Al Barsha,207,Mizhar Community Homes,MCH,Al Barsha,0,515,55.1856,25.1255,Single parent support,Standard design,Affordable housing initiative,Approved by board,Reviewed in heading notes,195963237,2026-05-15,202,Loan,Approved,2024-05-04,2024-05-16,1,0,12,465132,29555,High
1929,Fatima Khalid,Female,Single,0,0,3,0,48,Dubai,Al Khawaneej,201,Al Noor Housing Project,Noor,Al Khawaneej,1,540,55.4751,25.3074,Standard allocation,Revised design,Women support initiative,Approved by board,Reviewed in heading notes,167308003,2025-09-22,291,Grant,Approved,2024-11-11,2024-11-27,1,0,16,699394,17436,High
1930,Latifa Omar,Female,Widow,1,0,4,1,51,Dubai,Muhaisnah,206,Muhaisnah Housing,MH,Muhaisnah,0,505,55.4597,25.2639,Pending document allocation,Efficient layout,Social initiative,Approved quickly,Needs policy revision,160066121,2026-03-08,318,Loan,Approved,2024-09-05,2024-09-18,1,0,13,1165797,12355,High
1931,Yousef Nasser,Male,Married,0,1,0,0,39,Dubai,Dubai South,205,Jumeirah Villas,JV,Dubai South,0,512,55.1487,24.8829,Priority family housing,Revised design,Social initiative,Awaiting next committee,Family support case,170322143,2025-10-08,243,Loan,In Progress,2024-10-03,,0,0,,700610,14807,Medium
1932,Yousef Nasser,Male,Married,0,0,0,0,55,Dubai,Al Aweer,208,Dubai South Residences,DSR,Al Aweer,0,526,55.4939,25.1661,Fast-track request,Concept pending,Affordable housing initiative,Approved in committee,Reviewed by housing head,160932032,2026-06-26,204,Loan,Approved,2024-10-10,2024-10-21,1,0,11,563849,24020,High
1933,Omar Khalid,Male,Married,0,1,3,3,42,Dubai,Al Khawaneej,209,Nad Al Sheba Homes,NSH,Al Khawaneej,0,559,55.4719,25.2981,Special widow case,Modern villa design,Social initiative,Approved by board,Priority heading,217962493,2025-06-27,217,Grant,Approved,2024-05-24,2024-06-13,1,0,20,1045909,21111,High
1934,Salem Rashid,Male,Single,0,0,4,3,35,Dubai,Al Warqa,209,Nad Al Sheba Homes,NSH,Al Warqa,0,518,55.4266,25.2067,Large family allocation,Urban tower design,Women support initiative,Approved with remarks,Low-risk heading,75873846,2026-06-13,121,Loan,Approved,2024-10-14,2024-10-25,1,0,11,771061,20804,High
1935,Maha Nasser,Female,Widow,1,0,5,1,40,Dubai,Al Aweer,208,Dubai South Residences,DSR,Al Aweer,0,510,55.5197,25.1443,Regional demand case,Efficient layout,Community support initiative,Approved with remarks,Needs policy revision,181499990,2025-07-30,184,Loan,Approved,2024-02-10,2024-03-01,1,0,20,509297,19660,High
1936,Maha Nasser,Female,Married,0,0,3,0,50,Dubai,Dubai South,204,Barsha Residences,BR,Dubai South,0,543,55.1472,24.8952,Priority family housing,Efficient layout,Phase 1 initiative,Rejected after review,Reviewed in heading notes,210707553,2026-07-20,252,Loan,Rejected,2024-01-02,2024-01-25,0,1,23,591498,27630,Low
1937,Maryam Hassan,Female,Widow,1,0,0,0,47,Dubai,Nad Al Sheba,204,Barsha Residences,BR,Nad Al Sheba,1,538,55.3227,25.1459,Pending document allocation,Concept pending,Social initiative,Approved with remarks,Priority heading,146188482,2025-11-29,281,Grant,Approved,2024-11-09,2024-11-27,1,0,18,495839,14205,High
1938,Abdulla Saeed,Male,Married,0,1,0,0,36,Dubai,Nad Al Sheba,210,Al Aweer Villas,AAV,Nad Al Sheba,0,506,55.3111,25.1643,Single parent support,Revised design,Affordable housing initiative,Approved in committee,Reviewed by manager,166048411,2025-06-20,291,Grant,Approved,2024-08-26,2024-09-07,1,0,12,881627,26464,High
1939,Khaled Omar,Male,Single,0,0,2,1,43,Dubai,Al Barsha,210,Al Aweer Villas,AAV,Al Barsha,0,523,55.2034,25.1078,Standard allocation,Revised design,Phase 1 initiative,Rejected by policy rule,Reviewed by manager,184720028,2026-02-25,243,Loan,Rejected,2024-03-26,2024-04-25,0,1,30,846142,30692,Low
1940,Abdulla Saeed,Male,Divorced,0,0,5,2,24,Dubai,Al Aweer,208,Dubai South Residences,DSR,Al Aweer,0,501,55.5041,25.1602,Fast-track request,Compact design,Social initiative,Approved by board,Reviewed by housing head,188392599,2026-04-19,224,Loan,Approved,2024-10-15,2024-10-30,1,0,15,975718,16757,High
1941,Omar Khalid,Male,Single,0,0,4,3,30,Dubai,Jumeirah,204,Barsha Residences,BR,Jumeirah,0,527,55.2139,25.1906,Single parent support,Concept pending,Expansion initiative,Approved in committee,Reviewed by housing head,104373993,2025-08-04,316,Grant,Approved,2024-10-01,2024-10-20,1,0,19,1017576,16018,High
1942,Maha Nasser,Female,Married,0,0,2,2,50,Dubai,Mirdif,206,Muhaisnah Housing,MH,Mirdif,0,547,55.4276,25.2284,Large family allocation,Urban tower design,Executive housing initiative,On hold pending documents,Family support case,197671121,2026-06-16,277,Grant,On Hold,2024-08-20,,0,0,,681339,19399,Medium
1943,Latifa Omar,Female,Married,0,0,4,2,60,Dubai,Al Barsha,204,Barsha Residences,BR,Al Barsha,0,556,55.2061,25.1119,Standard allocation,Urban tower design,Affordable housing initiative,Awaiting next committee,Reviewed by manager,156423391,2025-10-10,186,Loan,In Progress,2024-08-15,,0,0,,845385,29122,Medium
1944,Latifa Omar,Female,Married,0,0,1,0,33,Dubai,Al Khawaneej,201,Al Noor Housing Project,Noor,Al Khawaneej,0,555,55.4575,25.3119,Fast-track request,Standard design,Phase 1 initiative,Pending manager review,Family support case,110652545,2025-08-14,304,Loan,In Progress,2024-07-27,,0,0,,548264,15979,Medium
1945,Majid Hassan,Male,Married,0,1,5,4,32,Dubai,Al Mizhar,205,Jumeirah Villas,JV,Al Mizhar,0,541,55.4535,25.2413,Social support allocation,Modern villa design,Women support initiative,Rejected after review,Reviewed by manager,81433654,2025-09-25,202,Grant,Rejected,2024-07-31,2024-08-15,0,1,15,482618,13383,Low
1946,Khaled Omar,Male,Married,0,1,5,2,48,Dubai,Al Warqa,207,Mizhar Community Homes,MCH,Al Warqa,0,537,55.4369,25.2129,Social support allocation,Luxury family layout,Affordable housing initiative,Approved by board,Needs policy revision,78074492,2025-08-03,247,Grant,Approved,2024-04-10,2024-04-20,1,0,10,814309,13359,High
1947,Hamad Ali,Male,Married,0,1,1,1,34,Dubai,Al Warqa,201,Al Noor Housing Project,Noor,Al Warqa,0,520,55.4119,25.2077,Priority family housing,Efficient layout,Community support initiative,Pending manager review,Open heading case,190788018,2025-12-19,283,Loan,In Progress,2024-04-20,,0,0,,682141,19639,Medium
1948,Maha Nasser,Female,Divorced,0,0,2,1,58,Dubai,Al Khawaneej,207,Mizhar Community Homes,MCH,Al Khawaneej,0,523,55.4451,25.3266,Standard allocation,Revised design,Affordable housing initiative,Rejected by policy rule,Reviewed in heading notes,154354142,2026-01-07,193,Grant,Rejected,2024-11-24,2024-12-22,0,1,28,858595,14646,Low
1949,Hamad Ali,Male,Single,0,0,1,1,42,Dubai,Nad Al Sheba,202,Al Rawda Villas,Rawda,Nad Al Sheba,0,508,55.3336,25.1586,Large family allocation,Urban tower design,Affordable housing initiative,Rejected due to eligibility,Reviewed in heading notes,167111366,2025-07-27,304,Grant,Rejected,2024-05-07,2024-05-28,0,1,21,687422,20717,Low
1950,Latifa Omar,Female,Single,0,0,3,1,60,Dubai,Al Khawaneej,203,Khawaneej Family Homes,KFH,Al Khawaneej,0,506,55.4466,25.3203,Special widow case,Standard design,Executive housing initiative,Approved quickly,Priority heading,102696120,2025-11-24,166,Loan,Approved,2024-03-14,2024-04-07,1,0,24,886341,24264,High
1951,Maha Nasser,Female,Married,0,0,3,2,28,Dubai,Dubai South,203,Khawaneej Family Homes,KFH,Dubai South,0,542,55.1474,24.9024,Pending document allocation,Compact design,Community support initiative,Approved in committee,Needs policy revision,87671140,2025-07-11,264,Grant,Approved,2024-07-26,2024-08-18,1,0,23,890540,25612,High
1952,Maryam Hassan,Female,Widow,1,0,3,2,24,Dubai,Dubai South,209,Nad Al Sheba Homes,NSH,Dubai South,0,513,55.1426,24.8794,Regional demand case,Concept pending,Social initiative,Rejected due to eligibility,Escalated case,142874645,2025-08-16,266,Grant,Rejected,2024-06-05,2024-06-25,0,1,20,1035354,15127,Low
1953,Khaled Omar,Male,Married,0,0,0,0,44,Dubai,Al Mizhar,203,Khawaneej Family Homes,KFH,Al Mizhar,0,546,55.4291,25.2623,Social support allocation,Luxury family layout,Phase 1 initiative,Approved with remarks,Open heading case,111706635,2026-06-12,203,Grant,Approved,2024-06-01,2024-06-19,1,0,18,853375,29690,High
1954,Salem Rashid,Male,Single,0,0,2,0,28,Dubai,Muhaisnah,204,Barsha Residences,BR,Muhaisnah,0,533,55.4584,25.2794,Priority family housing,Luxury family layout,Women support initiative,Rejected due to eligibility,Reviewed by manager,152132095,2026-03-24,285,Grant,Rejected,2024-11-20,2024-12-15,0,1,25,564466,15557,Low
1955,Noora Ibrahim,Female,Married,0,0,7,7,33,Dubai,Nad Al Sheba,203,Khawaneej Family Homes,KFH,Nad Al Sheba,0,531,55.3184,25.1831,Single parent support,Urban tower design,Social initiative,Pending manager review,Reviewed by manager,176892777,2025-07-20,308,Grant,In Progress,2024-02-12,,0,0,,847116,26743,Medium
1956,Noora Ibrahim,Female,Widow,1,0,3,3,45,Dubai,Al Khawaneej,209,Nad Al Sheba Homes,NSH,Al Khawaneej,0,514,55.4479,25.2986,Standard allocation,Standard design,Women support initiative,On hold pending documents,Priority heading,210359108,2025-10-30,281,Grant,On Hold,2024-08-01,,0,0,,1010015,18002,Medium
1957,Latifa Omar,Female,Widow,1,0,3,1,53,Dubai,Al Barsha,202,Al Rawda Villas,Rawda,Al Barsha,0,550,55.2049,25.1031,Pending document allocation,Modern villa design,Executive housing initiative,On hold pending documents,Reviewed by housing head,196066017,2026-01-25,254,Grant,On Hold,2024-03-27,,0,0,,602909,13669,Medium
1958,Maha Nasser,Female,Widow,1,0,5,0,41,Dubai,Al Khawaneej,206,Muhaisnah Housing,MH,Al Khawaneej,0,525,55.4381,25.2912,Priority family housing,Concept pending,Expansion initiative,Awaiting next committee,Open heading case,219594924,2025-08-14,182,Loan,In Progress,2024-02-03,,0,0,,791850,24706,Medium
1959,Yousef Nasser,Male,Married,0,0,5,1,35,Dubai,Al Barsha,202,Al Rawda Villas,Rawda,Al Barsha,0,503,55.2062,25.1255,Single parent support,Compact design,Community support initiative,Approved in committee,Reviewed by manager,149237038,2026-05-27,299,Loan,Approved,2024-04-14,2024-05-08,1,0,24,974581,22217,High
1960,Khaled Omar,Male,Married,0,0,3,2,37,Dubai,Al Mizhar,210,Al Aweer Villas,AAV,Al Mizhar,0,507,55.4598,25.2564,Pending document allocation,Standard design,Affordable housing initiative,Approved with remarks,Reviewed in heading notes,146251223,2025-08-17,310,Grant,Approved,2024-02-01,2024-02-14,1,0,13,1106342,29307,High
1961,Latifa Omar,Female,Married,0,0,3,3,54,Dubai,Mirdif,202,Al Rawda Villas,Rawda,Mirdif,0,512,55.4379,25.2105,Social support allocation,Compact design,Executive housing initiative,Pending manager review,Low-risk heading,118082573,2025-08-09,318,Loan,In Progress,2024-08-21,,0,0,,798165,22215,Medium
1962,Maha Nasser,Female,Married,0,0,4,0,57,Dubai,Muhaisnah,207,Mizhar Community Homes,MCH,Muhaisnah,1,527,55.4419,25.2565,Fast-track request,Concept pending,Executive housing initiative,Rejected by policy rule,Reviewed by housing head,91569763,2025-11-23,294,Loan,Rejected,2024-02-04,2024-02-18,0,1,14,482385,23529,Low
1963,Khaled Omar,Male,Married,0,1,0,0,27,Dubai,Dubai South,202,Al Rawda Villas,Rawda,Dubai South,0,512,55.1651,24.9123,Social support allocation,Modern villa design,Women support initiative,Approved quickly,Family support case,162712107,2026-03-19,171,Loan,Approved,2024-04-06,2024-04-17,1,0,11,823740,12615,High
1964,Huda Rashid,Female,Married,0,0,4,4,62,Dubai,Al Khawaneej,205,Jumeirah Villas,JV,Al Khawaneej,0,516,55.4586,25.315,Priority family housing,Urban tower design,Expansion initiative,Approved in committee,Reviewed in heading notes,169169465,2026-04-23,259,Grant,Approved,2024-04-17,2024-05-01,1,0,14,1023622,21996,High
1965,Noora Ibrahim,Female,Married,0,0,2,1,46,Dubai,Al Warqa,208,Dubai South Residences,DSR,Al Warqa,0,534,55.4165,25.2055,Fast-track request,Urban tower design,Phase 1 initiative,Approved in committee,Low-risk heading,188702650,2026-06-06,187,Loan,Approved,2024-03-12,2024-04-05,1,0,24,947553,17437,High
1966,Noora Ibrahim,Female,Widow,1,0,1,1,36,Dubai,Jumeirah,201,Al Noor Housing Project,Noor,Jumeirah,0,514,55.2212,25.2173,Standard allocation,Luxury family layout,Executive housing initiative,Awaiting next committee,Family support case,195864351,2025-07-28,303,Loan,In Progress,2024-09-29,,0,0,,596183,25560,Medium
1967,Huda Rashid,Female,Married,0,0,4,4,36,Dubai,Dubai South,206,Muhaisnah Housing,MH,Dubai South,0,506,55.1554,24.8986,Special widow case,Compact design,Social initiative,Approved by board,Low-risk heading,134916915,2026-01-12,120,Grant,Approved,2024-02-06,2024-02-28,1,0,22,993742,26203,High
1968,Maryam Hassan,Female,Married,0,0,5,5,49,Dubai,Al Barsha,208,Dubai South Residences,DSR,Al Barsha,0,560,55.1818,25.1069,Standard allocation,Standard design,Affordable housing initiative,Approved quickly,Reviewed by manager,99100560,2026-04-30,186,Loan,Approved,2024-10-29,2024-11-16,1,0,18,982983,25461,High
1969,Sara Ahmed,Female,Married,0,0,3,2,47,Dubai,Mirdif,210,Al Aweer Villas,AAV,Mirdif,0,533,55.4481,25.2377,Regional demand case,Urban tower design,Executive housing initiative,Approved with remarks,Needs policy revision,141387234,2025-07-14,127,Loan,Approved,2024-11-03,2024-11-13,1,0,10,821462,15493,High
1970,Amina Saeed,Female,Married,0,0,4,0,38,Dubai,Nad Al Sheba,203,Khawaneej Family Homes,KFH,Nad Al Sheba,0,551,55.3072,25.1759,Priority family housing,Luxury family layout,Executive housing initiative,Approved by board,Reviewed by manager,175623249,2025-09-13,195,Grant,Approved,2024-10-15,2024-10-31,1,0,16,944244,17328,High
1971,Maryam Hassan,Female,Married,0,0,1,0,46,Dubai,Al Aweer,207,Mizhar Community Homes,MCH,Al Aweer,0,559,55.5134,25.1552,Standard allocation,Compact design,Women support initiative,Rejected due to eligibility,Open heading case,121192044,2026-06-22,120,Grant,Rejected,2024-06-18,2024-07-18,0,1,30,638323,12336,Low
1972,Ahmed Ali,Male,Divorced,0,0,6,4,43,Dubai,Al Khawaneej,205,Jumeirah Villas,JV,Al Khawaneej,0,533,55.4491,25.2896,Regional demand case,Luxury family layout,Social initiative,Approved by board,Escalated case,81458372,2026-07-17,307,Loan,Approved,2024-11-16,2024-11-26,1,0,10,568572,18565,High
1973,Maryam Hassan,Female,Married,0,0,4,2,26,Dubai,Al Barsha,205,Jumeirah Villas,JV,Al Barsha,0,538,55.2049,25.1167,Pending document allocation,Efficient layout,Social initiative,Approved quickly,Escalated case,173623234,2026-06-14,176,Grant,Approved,2024-07-27,2024-08-17,1,0,21,494490,24035,High
1974,Fatima Khalid,Female,Married,0,0,0,0,46,Dubai,Jumeirah,208,Dubai South Residences,DSR,Jumeirah,1,502,55.2368,25.2068,Priority family housing,Concept pending,Affordable housing initiative,Approved quickly,Needs policy revision,89861619,2026-01-03,149,Grant,Approved,2024-06-15,2024-07-07,1,0,22,500860,19952,High
1975,Sara Ahmed,Female,Widow,1,0,2,0,45,Dubai,Al Aweer,204,Barsha Residences,BR,Al Aweer,0,536,55.4999,25.1508,Standard allocation,Modern villa design,Community support initiative,Approved quickly,Reviewed in heading notes,142820555,2026-06-01,245,Grant,Approved,2024-02-21,2024-03-08,1,0,16,863093,17807,High
1976,Omar Khalid,Male,Divorced,0,0,3,1,56,Dubai,Al Barsha,205,Jumeirah Villas,JV,Al Barsha,0,505,55.1859,25.1059,Single parent support,Modern villa design,Women support initiative,Approved by board,Priority heading,76224302,2026-04-09,210,Loan,Approved,2024-05-19,2024-06-10,1,0,22,1148933,23670,High
1977,Noora Ibrahim,Female,Widow,1,0,0,0,51,Dubai,Al Khawaneej,206,Muhaisnah Housing,MH,Al Khawaneej,0,531,55.4697,25.2946,Standard allocation,Efficient layout,Social initiative,Approved by board,Needs policy revision,93211809,2025-10-07,185,Grant,Approved,2024-08-10,2024-08-25,1,0,15,1112435,27640,High
1978,Khaled Omar,Male,Married,0,1,1,0,28,Dubai,Al Aweer,209,Nad Al Sheba Homes,NSH,Al Aweer,0,504,55.5145,25.1616,Pending document allocation,Concept pending,Executive housing initiative,Approved in committee,Reviewed by housing head,178480619,2025-09-10,293,Grant,Approved,2024-07-02,2024-07-13,1,0,11,759908,30294,High
1979,Noora Ibrahim,Female,Married,0,0,0,0,31,Dubai,Al Mizhar,209,Nad Al Sheba Homes,NSH,Al Mizhar,0,527,55.4554,25.2552,Fast-track request,Revised design,Community support initiative,On hold pending documents,Open heading case,172583183,2026-07-25,130,Grant,On Hold,2024-11-22,,0,0,,1194668,29649,Medium
1980,Sara Ahmed,Female,Widow,1,0,0,0,53,Dubai,Al Mizhar,202,Al Rawda Villas,Rawda,Al Mizhar,0,536,55.4327,25.2399,Special widow case,Modern villa design,Affordable housing initiative,Approved by board,Family support case,98571959,2025-12-27,149,Loan,Approved,2024-11-21,2024-12-06,1,0,15,721838,25437,High
1981,Maryam Hassan,Female,Single,0,0,2,0,34,Dubai,Al Barsha,208,Dubai South Residences,DSR,Al Barsha,0,529,55.1833,25.1048,Large family allocation,Urban tower design,Phase 1 initiative,Approved by board,Reviewed in heading notes,202908053,2026-05-31,320,Grant,Approved,2024-03-31,2024-04-22,1,0,22,900779,25939,High
1982,Sara Ahmed,Female,Married,0,0,4,3,49,Dubai,Al Mizhar,204,Barsha Residences,BR,Al Mizhar,0,517,55.45,25.2373,Regional demand case,Efficient layout,Women support initiative,Approved in committee,Reviewed in heading notes,144890925,2026-04-18,173,Loan,Approved,2024-02-22,2024-03-17,1,0,24,507340,27214,High
1983,Yousef Nasser,Male,Divorced,0,0,1,0,30,Dubai,Al Mizhar,204,Barsha Residences,BR,Al Mizhar,0,537,55.437,25.2359,Special widow case,Revised design,Social initiative,Approved quickly,Escalated case,190284732,2025-12-18,136,Loan,Approved,2024-08-10,2024-09-01,1,0,22,565403,31175,High
1984,Salem Rashid,Male,Married,0,1,1,0,61,Dubai,Al Warqa,206,Muhaisnah Housing,MH,Al Warqa,0,558,55.4119,25.1993,Single parent support,Revised design,Executive housing initiative,Approved in committee,Escalated case,143029779,2025-12-26,257,Loan,Approved,2024-05-08,2024-06-01,1,0,24,1122436,30118,High
1985,Noora Ibrahim,Female,Married,0,0,2,2,37,Dubai,Al Warqa,210,Al Aweer Villas,AAV,Al Warqa,0,527,55.4252,25.1903,Social support allocation,Standard design,Community support initiative,Rejected due to eligibility,Family support case,108949355,2025-07-17,257,Grant,Rejected,2024-11-17,2024-12-05,0,1,18,788116,24226,Low
1986,Sara Ahmed,Female,Married,0,0,1,1,45,Dubai,Jumeirah,210,Al Aweer Villas,AAV,Jumeirah,0,510,55.2361,25.1883,Priority family housing,Modern villa design,Affordable housing initiative,Approved by board,Reviewed by housing head,65756561,2025-10-11,271,Grant,Approved,2024-11-12,2024-12-03,1,0,21,748727,23451,High
1987,Latifa Omar,Female,Widow,1,0,3,3,56,Dubai,Al Aweer,210,Al Aweer Villas,AAV,Al Aweer,0,515,55.4903,25.1542,Single parent support,Efficient layout,Expansion initiative,Approved in committee,Needs policy revision,160391150,2025-08-10,271,Grant,Approved,2024-02-05,2024-02-25,1,0,20,796251,29411,High
1988,Majid Hassan,Male,Single,0,0,2,2,27,Dubai,Al Khawaneej,205,Jumeirah Villas,JV,Al Khawaneej,0,522,55.4678,25.3016,Fast-track request,Compact design,Expansion initiative,Approved by board,Escalated case,114992984,2025-06-11,211,Loan,Approved,2024-05-29,2024-06-21,1,0,23,764878,27494,High
1989,Omar Khalid,Male,Divorced,0,0,2,2,39,Dubai,Al Khawaneej,204,Barsha Residences,BR,Al Khawaneej,0,507,55.4622,25.3172,Regional demand case,Revised design,Affordable housing initiative,On hold pending documents,Low-risk heading,187735201,2026-04-24,152,Loan,On Hold,2024-05-22,,0,0,,834378,15266,Medium
1990,Maryam Hassan,Female,Married,0,0,0,0,49,Dubai,Muhaisnah,209,Nad Al Sheba Homes,NSH,Muhaisnah,0,527,55.4647,25.2599,Regional demand case,Luxury family layout,Women support initiative,Approved by board,Reviewed in heading notes,153342903,2026-05-26,272,Grant,Approved,2024-06-01,2024-06-15,1,0,14,695208,13599,High
1991,Majid Hassan,Male,Single,0,0,4,3,56,Dubai,Muhaisnah,205,Jumeirah Villas,JV,Muhaisnah,0,509,55.4724,25.2884,Regional demand case,Efficient layout,Community support initiative,Approved by board,Reviewed by manager,157872781,2025-11-16,200,Grant,Approved,2024-02-05,2024-02-27,1,0,22,626828,25266,High
1992,Ahmed Ali,Male,Single,0,0,2,1,32,Dubai,Dubai South,203,Khawaneej Family Homes,KFH,Dubai South,0,546,55.1557,24.9003,Regional demand case,Luxury family layout,Community support initiative,Approved in committee,Open heading case,66875297,2025-11-16,185,Grant,Approved,2024-09-08,2024-09-18,1,0,10,746154,17640,High
1993,Majid Hassan,Male,Single,0,0,4,3,31,Dubai,Al Warqa,210,Al Aweer Villas,AAV,Al Warqa,0,518,55.4228,25.1878,Large family allocation,Compact design,Expansion initiative,Approved with remarks,Escalated case,70780065,2026-05-14,202,Loan,Approved,2024-03-03,2024-03-23,1,0,20,461559,27600,High
1994,Omar Khalid,Male,Single,0,0,3,3,47,Dubai,Mirdif,205,Jumeirah Villas,JV,Mirdif,0,508,55.4286,25.2058,Fast-track request,Urban tower design,Social initiative,Awaiting next review,Escalated case,128908547,2025-07-09,252,Grant,On Hold,2024-06-29,,0,0,,1083961,31072,Medium
1995,Fatima Khalid,Female,Single,0,0,2,2,47,Dubai,Muhaisnah,204,Barsha Residences,BR,Muhaisnah,0,514,55.4622,25.2862,Regional demand case,Efficient layout,Women support initiative,Approved with remarks,Low-risk heading,207313260,2026-02-14,254,Loan,Approved,2024-07-11,2024-08-02,1,0,22,922480,15398,High
1996,Ahmed Ali,Male,Married,0,1,4,0,42,Dubai,Jumeirah,210,Al Aweer Villas,AAV,Jumeirah,0,537,55.25,25.215,Regional demand case,Revised design,Women support initiative,Rejected due to eligibility,Escalated case,169181277,2025-10-25,158,Grant,Rejected,2024-06-07,2024-07-02,0,1,25,1153639,28847,Low
1997,Maha Nasser,Female,Married,0,0,3,3,50,Dubai,Dubai South,206,Muhaisnah Housing,MH,Dubai South,0,508,55.149,24.8862,Special widow case,Concept pending,Women support initiative,Approved in committee,Reviewed in heading notes,215468794,2025-10-31,215,Grant,Approved,2024-07-02,2024-07-15,1,0,13,625568,29320,High
1998,Noora Ibrahim,Female,Single,0,0,1,1,27,Dubai,Al Aweer,201,Al Noor Housing Project,Noor,Al Aweer,0,540,55.5069,25.1658,Regional demand case,Revised design,Social initiative,Approved by board,Escalated case,102675665,2025-06-08,169,Loan,Approved,2024-09-06,2024-09-23,1,0,17,515416,12787,High
1999,Abdulla Saeed,Male,Married,0,0,0,0,29,Dubai,Al Warqa,205,Jumeirah Villas,JV,Al Warqa,0,557,55.4179,25.197,Priority family housing,Efficient layout,Phase 1 initiative,Deferred for clarification,Reviewed by manager,142490453,2025-12-19,140,Grant,On Hold,2024-05-24,,0,0,,1188363,17624,Medium
2000,Omar Khalid,Male,Married,0,1,4,3,53,Dubai,Al Aweer,202,Al Rawda Villas,Rawda,Al Aweer,0,509,55.5073,25.1539,Regional demand case,Revised design,Affordable housing initiative,Awaiting next review,Escalated case,81451088,2026-04-06,237,Grant,On Hold,2024-10-21,,0,0,,596553,17842,Medium
